Status,Risk,BMI,Age,Race,Sex,N,Population,Percentage
Diagnosed Diabetes,At risk,Obese,Under 40,Mexican American,Male,4,121968,0.0003872139618291380
Diagnosed Diabetes,At risk,Obese,Under 40,Mexican American,Female,14,327961,0.0010411835738508900
Diagnosed Diabetes,At risk,Obese,Under 40,Other Hispanic,Male,3,111248,0.0003531809886656170
Diagnosed Diabetes,At risk,Obese,Under 40,Other Hispanic,Female,3,90195,0.0002863436580675180
Diagnosed Diabetes,At risk,Obese,Under 40,NonHispanic White,Male,5,421218,0.0013372482173500100
Diagnosed Diabetes,At risk,Obese,Under 40,NonHispanic White,Female,6,456543,0.0014493951181896900
Diagnosed Diabetes,At risk,Obese,Under 40,NonHispanic Black,Male,6,174569,0.0005542072847185390
Diagnosed Diabetes,At risk,Obese,Under 40,NonHispanic Black,Female,14,381128,0.0012099737869278500
Diagnosed Diabetes,At risk,Obese,Under 40,NonHispanic Asian,Male,1,9307,0.0000295470971299340
Diagnosed Diabetes,At risk,Obese,Under 40,NonHispanic Asian,Female,1,45284,0.0001437639138747100
Diagnosed Diabetes,At risk,Obese,Under 40,Other Race Including Multi Racial,Male,1,22897,0.0000726915099370472
Diagnosed Diabetes,At risk,Obese,Under 40,Other Race Including Multi Racial,Female,1,39799,0.0001263505875872180
Diagnosed Diabetes,At risk,Obese,40-44,Mexican American,Male,3,98165,0.0003116461577049500
Diagnosed Diabetes,At risk,Obese,40-44,Mexican American,Female,7,175821,0.0005581820312111440
Diagnosed Diabetes,At risk,Obese,40-44,Other Hispanic,Male,1,30837,0.0000978987680451030
Diagnosed Diabetes,At risk,Obese,40-44,Other Hispanic,Female,1,19412,0.0000616276189412569
Diagnosed Diabetes,At risk,Obese,40-44,NonHispanic White,Male,5,283653,0.0009005181843985350
Diagnosed Diabetes,At risk,Obese,40-44,NonHispanic White,Female,4,378854,0.0012027544790011800
Diagnosed Diabetes,At risk,Obese,40-44,NonHispanic Black,Male,2,39297,0.0001247568793290010
Diagnosed Diabetes,At risk,Obese,40-44,NonHispanic Black,Female,8,182027,0.0005778843289212950
Diagnosed Diabetes,At risk,Obese,40-44,NonHispanic Asian,Female,1,28199,0.0000895238628953485
Diagnosed Diabetes,At risk,Obese,40-44,Other Race Including Multi Racial,Male,2,37330,0.0001185122097196130
Diagnosed Diabetes,At risk,Obese,40-44,Other Race Including Multi Racial,Female,1,39643,0.0001258553316344660
Diagnosed Diabetes,At risk,Obese,45-49,Mexican American,Male,6,195081,0.0006193270930702320
Diagnosed Diabetes,At risk,Obese,45-49,Mexican American,Female,7,165904,0.0005266983563172410
Diagnosed Diabetes,At risk,Obese,45-49,Other Hispanic,Male,4,117432,0.0003728134425875580
Diagnosed Diabetes,At risk,Obese,45-49,Other Hispanic,Female,4,85443,0.0002712573998144350
Diagnosed Diabetes,At risk,Obese,45-49,NonHispanic White,Male,4,407464,0.0012935831508489800
Diagnosed Diabetes,At risk,Obese,45-49,NonHispanic Black,Male,9,188145,0.0005973072514786100
Diagnosed Diabetes,At risk,Obese,45-49,NonHispanic Black,Female,8,184625,0.0005861322453652150
Diagnosed Diabetes,At risk,Obese,45-49,NonHispanic Asian,Male,4,73243,0.0002325258445350550
Diagnosed Diabetes,At risk,Obese,45-49,NonHispanic Asian,Female,3,72110,0.0002289288894423060
Diagnosed Diabetes,At risk,Obese,45-49,Other Race Including Multi Racial,Female,1,22687,0.0000720248192314185
Diagnosed Diabetes,At risk,Obese,50-54,Mexican American,Male,6,144172,0.0004577053924376100
Diagnosed Diabetes,At risk,Obese,50-54,Mexican American,Female,8,159727,0.0005070881254188210
Diagnosed Diabetes,At risk,Obese,50-54,Other Hispanic,Male,6,153375,0.0004869223189323760
Diagnosed Diabetes,At risk,Obese,50-54,Other Hispanic,Female,6,114805,0.0003644734593319080
Diagnosed Diabetes,At risk,Obese,50-54,NonHispanic White,Male,9,573766,0.0018215450447892700
Diagnosed Diabetes,At risk,Obese,50-54,NonHispanic White,Female,6,428442,0.0013601823776236300
Diagnosed Diabetes,At risk,Obese,50-54,NonHispanic Black,Male,7,154902,0.0004917701127775900
Diagnosed Diabetes,At risk,Obese,50-54,NonHispanic Black,Female,8,166699,0.0005292222568456930
Diagnosed Diabetes,At risk,Obese,50-54,NonHispanic Asian,Male,4,70527,0.0002239033114089240
Diagnosed Diabetes,At risk,Obese,50-54,Other Race Including Multi Racial,Male,2,176351,0.0005598646315634450
Diagnosed Diabetes,At risk,Obese,55-59,Mexican American,Male,7,153201,0.0004863699180619980
Diagnosed Diabetes,At risk,Obese,55-59,Mexican American,Female,7,138999,0.0004412825780556240
Diagnosed Diabetes,At risk,Obese,55-59,Other Hispanic,Male,5,109058,0.0003462283570212030
Diagnosed Diabetes,At risk,Obese,55-59,Other Hispanic,Female,8,122962,0.0003903696311691140
Diagnosed Diabetes,At risk,Obese,55-59,NonHispanic White,Male,12,841895,0.0026727789124536100
Diagnosed Diabetes,At risk,Obese,55-59,NonHispanic White,Female,7,824731,0.0026182880587802300
Diagnosed Diabetes,At risk,Obese,55-59,NonHispanic Black,Male,11,263775,0.0008374111470343110
Diagnosed Diabetes,At risk,Obese,55-59,NonHispanic Black,Female,7,170470,0.0005411941170881970
Diagnosed Diabetes,At risk,Obese,55-59,NonHispanic Asian,Male,2,36774,0.0001167470667085200
Diagnosed Diabetes,At risk,Obese,55-59,NonHispanic Asian,Female,1,18703,0.0000593767441303487
Diagnosed Diabetes,At risk,Obese,55-59,Other Race Including Multi Racial,Male,2,197426,0.0006267718059497520
Diagnosed Diabetes,At risk,Obese,55-59,Other Race Including Multi Racial,Female,1,58271,0.0001849939719413760
Diagnosed Diabetes,At risk,Obese,60-64,Mexican American,Male,22,207482,0.0006586967665964290
Diagnosed Diabetes,At risk,Obese,60-64,Mexican American,Female,13,114131,0.0003623336996386050
Diagnosed Diabetes,At risk,Obese,60-64,Other Hispanic,Male,9,76773,0.0002437325978249080
Diagnosed Diabetes,At risk,Obese,60-64,Other Hispanic,Female,11,93556,0.0002970138840752230
Diagnosed Diabetes,At risk,Obese,60-64,NonHispanic White,Male,13,1361915,0.0043236955826489800
Diagnosed Diabetes,At risk,Obese,60-64,NonHispanic White,Female,10,955229,0.0030325823621284700
Diagnosed Diabetes,At risk,Obese,60-64,NonHispanic Black,Male,15,202480,0.0006428168289318830
Diagnosed Diabetes,At risk,Obese,60-64,NonHispanic Black,Female,17,342955,0.0010887852902327800
Diagnosed Diabetes,At risk,Obese,60-64,NonHispanic Asian,Male,1,28123,0.0000892825843542638
Diagnosed Diabetes,At risk,Obese,60-64,NonHispanic Asian,Female,1,14902,0.0000473096423584695
Diagnosed Diabetes,At risk,Obese,60-64,Other Race Including Multi Racial,Male,1,32906,0.0001044672588543680
Diagnosed Diabetes,At risk,Obese,60-64,Other Race Including Multi Racial,Female,3,65448,0.0002077789204856470
Diagnosed Diabetes,Not at risk,Obese,65-70,Mexican American,Male,18,173159,0.0005497309328378890
Diagnosed Diabetes,Not at risk,Obese,65-70,Mexican American,Female,11,112546,0.0003573017721699310
Diagnosed Diabetes,Not at risk,Obese,65-70,Other Hispanic,Male,11,95509,0.0003032141076375700
Diagnosed Diabetes,Not at risk,Obese,65-70,Other Hispanic,Female,13,112995,0.0003587272203929180
Diagnosed Diabetes,Not at risk,Obese,65-70,NonHispanic White,Male,19,1681309,0.0053376813504278700
Diagnosed Diabetes,Not at risk,Obese,65-70,NonHispanic White,Female,12,1033287,0.0032803944721283000
Diagnosed Diabetes,Not at risk,Obese,65-70,NonHispanic Black,Male,19,249267,0.0007913523434283070
Diagnosed Diabetes,Not at risk,Obese,65-70,NonHispanic Black,Female,11,207919,0.0006600841182076650
Diagnosed Diabetes,Not at risk,Obese,65-70,NonHispanic Asian,Male,1,21398,0.0000679326081859167
Diagnosed Diabetes,Not at risk,Obese,65-70,NonHispanic Asian,Female,3,58927,0.0001870765867170540
Diagnosed Diabetes,Not at risk,Obese,65-70,Other Race Including Multi Racial,Male,1,13778,0.0000437412597245332
Diagnosed Diabetes,Not at risk,Obese,65-70,Other Race Including Multi Racial,Female,3,116193,0.0003688799674243490
Diagnosed Diabetes,Not at risk,Obese,Over 70,Mexican American,Male,18,187157,0.0005941706304445100
Diagnosed Diabetes,Not at risk,Obese,Over 70,Mexican American,Female,16,200378,0.0006361435724403040
Diagnosed Diabetes,Not at risk,Obese,Over 70,Other Hispanic,Male,7,65137,0.0002067915832977880
Diagnosed Diabetes,Not at risk,Obese,Over 70,Other Hispanic,Female,10,113460,0.0003602034640982390
Diagnosed Diabetes,Not at risk,Obese,Over 70,NonHispanic White,Male,53,2260421,0.0071761984357518500
Diagnosed Diabetes,Not at risk,Obese,Over 70,NonHispanic White,Female,24,1443593,0.0045830001705267800
Diagnosed Diabetes,Not at risk,Obese,Over 70,NonHispanic Black,Male,10,148351,0.0004709725374796210
Diagnosed Diabetes,Not at risk,Obese,Over 70,NonHispanic Black,Female,17,343822,0.0010915377704317400
Diagnosed Diabetes,Not at risk,Obese,Over 70,NonHispanic Asian,Male,4,69262,0.0002198872935869220
Diagnosed Diabetes,Not at risk,Obese,Over 70,NonHispanic Asian,Female,9,191480,0.0006078949348275230
Diagnosed Diabetes,Not at risk,Obese,Over 70,Other Race Including Multi Racial,Male,4,153579,0.0004875699613321300
Diagnosed Diabetes,Not at risk,Obese,Over 70,Other Race Including Multi Racial,Female,1,17677,0.0000561194838257057
Diagnosed Diabetes,Not at risk,Overwweight,Under 40,Mexican American,Male,2,70296,0.0002231699516327320
Diagnosed Diabetes,Not at risk,Overwweight,Under 40,Other Hispanic,Male,1,18535,0.0000588433915658457
Diagnosed Diabetes,Not at risk,Overwweight,Under 40,NonHispanic Asian,Female,2,34715,0.0001102103230757130
Diagnosed Diabetes,Not at risk,Overwweight,40-44,NonHispanic Black,Male,1,17830,0.0000566052156255209
Diagnosed Diabetes,Not at risk,Overwweight,40-44,NonHispanic Asian,Male,2,31969,0.0001014925484202060
Diagnosed Diabetes,Not at risk,Overwweight,45-49,Mexican American,Male,1,24610,0.0000781298012643897
Diagnosed Diabetes,Not at risk,Overwweight,45-49,NonHispanic Black,Male,1,16743,0.0000531542975444810
Diagnosed Diabetes,Not at risk,Overwweight,45-49,NonHispanic Asian,Female,1,16888,0.0000536146316031294
Diagnosed Diabetes,Not at risk,Overwweight,50-54,Mexican American,Male,2,52904,0.0001679552623360940
Diagnosed Diabetes,Not at risk,Overwweight,50-54,Other Hispanic,Female,2,31819,0.0001010163407733290
Diagnosed Diabetes,Not at risk,Overwweight,50-54,NonHispanic White,Female,2,280732,0.0008912448341550040
Diagnosed Diabetes,Not at risk,Overwweight,50-54,NonHispanic Black,Male,4,93903,0.0002981155110983340
Diagnosed Diabetes,Not at risk,Overwweight,50-54,NonHispanic Asian,Female,1,25968,0.0000824410678274552
Diagnosed Diabetes,Not at risk,Overwweight,55-59,Mexican American,Female,2,29956,0.0000951018417991084
Diagnosed Diabetes,Not at risk,Overwweight,55-59,NonHispanic White,Male,2,303039,0.0009620632606809990
Diagnosed Diabetes,Not at risk,Overwweight,55-59,NonHispanic Asian,Male,1,14228,0.0000451698826651661
Diagnosed Diabetes,Not at risk,Overwweight,55-59,NonHispanic Asian,Female,1,16901,0.0000536559029325254
Diagnosed Diabetes,Not at risk,Overwweight,55-59,Other Race Including Multi Racial,Male,1,35423,0.0001124580231689750
Diagnosed Diabetes,Not at risk,Overwweight,60-64,Mexican American,Male,1,7739,0.0000245691398612398
Diagnosed Diabetes,Not at risk,Overwweight,60-64,Mexican American,Female,3,27538,0.0000874253745314410
Diagnosed Diabetes,Not at risk,Overwweight,60-64,Other Hispanic,Female,1,8532,0.0000270866909543996
Diagnosed Diabetes,Not at risk,Overwweight,60-64,NonHispanic Black,Male,2,26255,0.0000833522117918144
Diagnosed Diabetes,Not at risk,Overwweight,60-64,NonHispanic Black,Female,1,25888,0.0000821870904157871
Diagnosed Diabetes,Not at risk,Overwweight,60-64,NonHispanic Asian,Male,4,90059,0.0002859118964676830
Diagnosed Diabetes,Not at risk,Overwweight,65-70,Mexican American,Male,2,22780,0.0000723200679724826
Diagnosed Diabetes,Not at risk,Overwweight,65-70,Other Hispanic,Male,2,18422,0.0000584846484718646
Diagnosed Diabetes,Not at risk,Overwweight,65-70,Other Hispanic,Female,1,8580,0.0000272390774014004
Diagnosed Diabetes,Not at risk,Overwweight,65-70,NonHispanic White,Female,1,41995,0.0001333222675375070
Diagnosed Diabetes,Not at risk,Overwweight,65-70,NonHispanic Black,Male,3,51668,0.0001640313113258220
Diagnosed Diabetes,Not at risk,Overwweight,65-70,NonHispanic Asian,Male,5,108907,0.0003457489746566800
Diagnosed Diabetes,Not at risk,Overwweight,65-70,NonHispanic Asian,Female,3,65217,0.0002070455607094560
Diagnosed Diabetes,Not at risk,Overwweight,Over 70,Mexican American,Male,3,31371,0.0000995940672679874
Diagnosed Diabetes,Not at risk,Overwweight,Over 70,Mexican American,Female,1,15570,0.0000494303537458979
Diagnosed Diabetes,Not at risk,Overwweight,Over 70,Other Hispanic,Male,1,7125,0.0000226198632266874
Diagnosed Diabetes,Not at risk,Overwweight,Over 70,Other Hispanic,Female,1,12499,0.0000396807958554899
Diagnosed Diabetes,Not at risk,Overwweight,Over 70,NonHispanic White,Male,7,270560,0.0008589516062614090
Diagnosed Diabetes,Not at risk,Overwweight,Over 70,NonHispanic White,Female,3,150465,0.0004776838905829500
Diagnosed Diabetes,Not at risk,Overwweight,Over 70,NonHispanic Black,Male,1,12734,0.0000404268545022649
Diagnosed Diabetes,Not at risk,Overwweight,Over 70,NonHispanic Black,Female,3,56529,0.0001794636138023030
Diagnosed Diabetes,Not at risk,Overwweight,Over 70,NonHispanic Asian,Male,6,111511,0.0003540159394064750
Diagnosed Diabetes,Not at risk,Overwweight,Over 70,NonHispanic Asian,Female,2,47738,0.0001515546709776280
Diagnosed Diabetes,Not at risk,Healthy,Under 40,Mexican American,Male,2,70219,0.0002229254983740020
Diagnosed Diabetes,Not at risk,Healthy,Under 40,Other Hispanic,Male,1,40314,0.0001279855671748320
Diagnosed Diabetes,Not at risk,Healthy,Under 40,Other Hispanic,Female,1,13806,0.0000438301518186170
Diagnosed Diabetes,Not at risk,Healthy,Under 40,NonHispanic White,Male,3,189380,0.0006012280277712360
Diagnosed Diabetes,Not at risk,Healthy,Under 40,NonHispanic Black,Female,1,8582,0.0000272454268366921
Diagnosed Diabetes,Not at risk,Healthy,Under 40,NonHispanic Asian,Female,1,11905,0.0000377950135738545
Diagnosed Diabetes,Not at risk,Healthy,45-49,Other Hispanic,Male,1,44735,0.0001420209938871380
Diagnosed Diabetes,Not at risk,Healthy,50-54,Other Hispanic,Female,1,18275,0.0000580179649779245
Diagnosed Diabetes,Not at risk,Healthy,50-54,NonHispanic Asian,Male,1,9706,0.0000308138094706285
Diagnosed Diabetes,Not at risk,Healthy,50-54,NonHispanic Asian,Female,2,31696,0.0001006258505028890
Diagnosed Diabetes,Not at risk,Healthy,55-59,NonHispanic Black,Male,1,20538,0.0000652023510104850
Diagnosed Diabetes,Not at risk,Healthy,60-64,Mexican American,Male,1,8114,0.0000257596589784339
Diagnosed Diabetes,Not at risk,Healthy,60-64,Other Hispanic,Female,1,7122,0.0000226103390737498
Diagnosed Diabetes,Not at risk,Healthy,60-64,NonHispanic White,Male,2,75284,0.0002390054432502360
Diagnosed Diabetes,Not at risk,Healthy,60-64,NonHispanic White,Female,1,36047,0.0001144390469799860
Diagnosed Diabetes,Not at risk,Healthy,60-64,NonHispanic Black,Male,1,11901,0.0000377823147032711
Diagnosed Diabetes,Not at risk,Healthy,60-64,NonHispanic Asian,Female,2,45267,0.0001437099436747310
Diagnosed Diabetes,Not at risk,Healthy,60-64,Other Race Including Multi Racial,Male,1,33473,0.0001062673237595660
Diagnosed Diabetes,Not at risk,Healthy,65-70,Mexican American,Male,1,8403,0.0000266771523780848
Diagnosed Diabetes,Not at risk,Healthy,65-70,Other Hispanic,Female,2,16265,0.0000516367825097643
Diagnosed Diabetes,Not at risk,Healthy,Over 70,Mexican American,Male,3,29919,0.0000949843772462119
Diagnosed Diabetes,Not at risk,Healthy,Over 70,Mexican American,Female,2,22687,0.0000720248192314185
Diagnosed Diabetes,Not at risk,Healthy,Over 70,Other Hispanic,Female,1,10745,0.0000341123411046675
Diagnosed Diabetes,Not at risk,Healthy,Over 70,NonHispanic White,Male,2,108179,0.0003434377802105000
Diagnosed Diabetes,Not at risk,Healthy,Over 70,NonHispanic White,Female,1,70040,0.0002223572239153940
Diagnosed Diabetes,Not at risk,Healthy,Over 70,NonHispanic Black,Male,4,54564,0.0001732252936282060
Diagnosed Diabetes,Not at risk,Healthy,Over 70,NonHispanic Asian,Male,1,20008,0.0000635197506581840
Diagnosed Diabetes,Not at risk,Healthy,Over 70,Other Race Including Multi Racial,Male,1,78848,0.0002503201369400490
Diagnosed Prediabetes,At risk,Obese,Under 40,Mexican American,Male,5,129712,0.0004117989752786070
Diagnosed Prediabetes,At risk,Obese,Under 40,Mexican American,Female,8,183101,0.0005812939756729390
Diagnosed Prediabetes,At risk,Obese,Under 40,Other Hispanic,Male,4,167163,0.0005306953258333680
Diagnosed Prediabetes,At risk,Obese,Under 40,Other Hispanic,Female,9,232332,0.0007375885000958220
Diagnosed Prediabetes,At risk,Obese,Under 40,NonHispanic White,Male,8,631412,0.0020045548182019800
Diagnosed Prediabetes,At risk,Obese,Under 40,NonHispanic White,Female,10,745697,0.0023673774243580500
Diagnosed Prediabetes,At risk,Obese,Under 40,NonHispanic Black,Male,13,292144,0.0009274747119294540
Diagnosed Prediabetes,At risk,Obese,Under 40,NonHispanic Black,Female,12,332069,0.0010542253139400500
Diagnosed Prediabetes,At risk,Obese,Under 40,NonHispanic Asian,Male,4,114016,0.0003619686071093320
Diagnosed Prediabetes,At risk,Obese,Under 40,NonHispanic Asian,Female,7,166171,0.0005275460059286840
Diagnosed Prediabetes,At risk,Obese,Under 40,Other Race Including Multi Racial,Male,3,113733,0.0003610701620155560
Diagnosed Prediabetes,At risk,Obese,Under 40,Other Race Including Multi Racial,Female,7,372197,0.0011816203836327500
Diagnosed Prediabetes,At risk,Obese,40-44,Mexican American,Male,3,117192,0.0003720515103525540
Diagnosed Prediabetes,At risk,Obese,40-44,Mexican American,Female,4,84055,0.0002668508917219940
Diagnosed Prediabetes,At risk,Obese,40-44,Other Hispanic,Male,2,72522,0.0002302368731123960
Diagnosed Prediabetes,At risk,Obese,40-44,Other Hispanic,Female,3,83125,0.0002638984043113530
Diagnosed Prediabetes,At risk,Obese,40-44,NonHispanic White,Male,2,176621,0.0005607218053278250
Diagnosed Prediabetes,At risk,Obese,40-44,NonHispanic White,Female,8,861662,0.0027355335561591500
Diagnosed Prediabetes,At risk,Obese,40-44,NonHispanic Black,Male,3,81074,0.0002573870584197130
Diagnosed Prediabetes,At risk,Obese,40-44,NonHispanic Black,Female,7,168111,0.0005337049581616340
Diagnosed Prediabetes,At risk,Obese,40-44,NonHispanic Asian,Male,2,52426,0.0001664377473013770
Diagnosed Prediabetes,At risk,Obese,40-44,NonHispanic Asian,Female,1,19599,0.0000622212911410310
Diagnosed Prediabetes,At risk,Obese,40-44,Other Race Including Multi Racial,Male,4,98452,0.0003125573016693090
Diagnosed Prediabetes,At risk,Obese,40-44,Other Race Including Multi Racial,Female,1,29192,0.0000926763575176784
Diagnosed Prediabetes,At risk,Obese,45-49,Mexican American,Male,2,83944,0.0002664984980633050
Diagnosed Prediabetes,At risk,Obese,45-49,Mexican American,Female,3,64795,0.0002057058298629070
Diagnosed Prediabetes,At risk,Obese,45-49,Other Hispanic,Male,1,30979,0.0000983495779508139
Diagnosed Prediabetes,At risk,Obese,45-49,NonHispanic White,Male,8,701189,0.0022260770913765200
Diagnosed Prediabetes,At risk,Obese,45-49,NonHispanic White,Female,6,388728,0.0012341016410363100
Diagnosed Prediabetes,At risk,Obese,45-49,NonHispanic Black,Male,2,46802,0.0001485831352611120
Diagnosed Prediabetes,At risk,Obese,45-49,NonHispanic Black,Female,2,47849,0.0001519070646363180
Diagnosed Prediabetes,At risk,Obese,45-49,NonHispanic Asian,Male,4,79593,0.0002526853015862080
Diagnosed Prediabetes,At risk,Obese,45-49,NonHispanic Asian,Female,2,45432,0.0001442337720862960
Diagnosed Prediabetes,At risk,Obese,45-49,Other Race Including Multi Racial,Female,1,24238,0.0000769488063001332
Diagnosed Prediabetes,At risk,Obese,50-54,Mexican American,Male,4,101383,0.0003218623990892980
Diagnosed Prediabetes,At risk,Obese,50-54,Mexican American,Female,6,114565,0.0003637115270969040
Diagnosed Prediabetes,At risk,Obese,50-54,Other Hispanic,Male,5,109035,0.0003461553385153490
Diagnosed Prediabetes,At risk,Obese,50-54,Other Hispanic,Female,4,54150,0.0001719109605228240
Diagnosed Prediabetes,At risk,Obese,50-54,NonHispanic White,Male,6,747372,0.0023726950764148500
Diagnosed Prediabetes,At risk,Obese,50-54,NonHispanic White,Female,7,765304,0.0024296241132402500
Diagnosed Prediabetes,At risk,Obese,50-54,NonHispanic Black,Male,4,87499,0.0002777846192943050
Diagnosed Prediabetes,At risk,Obese,50-54,NonHispanic Black,Female,4,89010,0.0002825816176571850
Diagnosed Prediabetes,At risk,Obese,50-54,NonHispanic Asian,Male,2,31020,0.0000984797413742937
Diagnosed Prediabetes,At risk,Obese,50-54,Other Race Including Multi Racial,Female,1,36250,0.0001150835146620940
Diagnosed Prediabetes,At risk,Obese,55-59,Mexican American,Male,4,87612,0.0002781433623882860
Diagnosed Prediabetes,At risk,Obese,55-59,Mexican American,Female,6,95486,0.0003031410891317150
Diagnosed Prediabetes,At risk,Obese,55-59,Other Hispanic,Male,2,38146,0.0001211027793186270
Diagnosed Prediabetes,At risk,Obese,55-59,Other Hispanic,Female,5,86031,0.0002731241337901960
Diagnosed Prediabetes,At risk,Obese,55-59,NonHispanic White,Male,9,703042,0.0022319598431742800
Diagnosed Prediabetes,At risk,Obese,55-59,NonHispanic White,Female,11,1410016,0.0044764026761320500
Diagnosed Prediabetes,At risk,Obese,55-59,NonHispanic Black,Male,6,145841,0.0004630039961885360
Diagnosed Prediabetes,At risk,Obese,55-59,NonHispanic Black,Female,4,101743,0.0003230052974418040
Diagnosed Prediabetes,At risk,Obese,55-59,NonHispanic Asian,Male,2,32061,0.0001017846224436240
Diagnosed Prediabetes,At risk,Obese,55-59,Other Race Including Multi Racial,Male,1,17796,0.0000564972752255619
Diagnosed Prediabetes,At risk,Obese,60-64,Mexican American,Male,3,26885,0.0000853522839087004
Diagnosed Prediabetes,At risk,Obese,60-64,Mexican American,Female,8,78265,0.0002484692765525180
Diagnosed Prediabetes,At risk,Obese,60-64,Other Hispanic,Male,4,39149,0.0001242870211174150
Diagnosed Prediabetes,At risk,Obese,60-64,Other Hispanic,Female,5,45161,0.0001433734236042710
Diagnosed Prediabetes,At risk,Obese,60-64,NonHispanic White,Male,6,622698,0.0019768903286360400
Diagnosed Prediabetes,At risk,Obese,60-64,NonHispanic White,Female,5,596112,0.0018924872853034500
Diagnosed Prediabetes,At risk,Obese,60-64,NonHispanic Black,Male,3,37738,0.0001198074945191200
Diagnosed Prediabetes,At risk,Obese,60-64,NonHispanic Black,Female,6,123341,0.0003915728491568910
Diagnosed Prediabetes,At risk,Obese,60-64,NonHispanic Asian,Female,1,16375,0.0000519860014508079
Diagnosed Prediabetes,At risk,Obese,60-64,Other Race Including Multi Racial,Female,1,20892,0.0000663262010571162
Diagnosed Prediabetes,Not at risk,Obese,65-70,Mexican American,Female,5,48489,0.0001539388839296620
Diagnosed Prediabetes,Not at risk,Obese,65-70,Other Hispanic,Male,4,33844,0.0001074451440061770
Diagnosed Prediabetes,Not at risk,Obese,65-70,Other Hispanic,Female,9,83217,0.0002641904783347710
Diagnosed Prediabetes,Not at risk,Obese,65-70,NonHispanic White,Male,6,364881,0.0011583941493357100
Diagnosed Prediabetes,Not at risk,Obese,65-70,NonHispanic White,Female,10,1151306,0.0036550714739739700
Diagnosed Prediabetes,Not at risk,Obese,65-70,NonHispanic Black,Male,4,50833,0.0001613804220915370
Diagnosed Prediabetes,Not at risk,Obese,65-70,NonHispanic Black,Female,6,127859,0.0004059162234808450
Diagnosed Prediabetes,Not at risk,Obese,65-70,NonHispanic Asian,Male,1,22090,0.0000701295127968455
Diagnosed Prediabetes,Not at risk,Obese,65-70,NonHispanic Asian,Female,4,86134,0.0002734511297077180
Diagnosed Prediabetes,Not at risk,Obese,65-70,Other Race Including Multi Racial,Male,1,130600,0.0004146181245481230
Diagnosed Prediabetes,Not at risk,Obese,65-70,Other Race Including Multi Racial,Female,1,146751,0.0004658929892462600
Diagnosed Prediabetes,Not at risk,Obese,Over 70,Mexican American,Male,2,23421,0.0000743550619834730
Diagnosed Prediabetes,Not at risk,Obese,Over 70,Mexican American,Female,7,95967,0.0003046681283193700
Diagnosed Prediabetes,Not at risk,Obese,Over 70,Other Hispanic,Male,1,6119,0.0000194260972749614
Diagnosed Prediabetes,Not at risk,Obese,Over 70,Other Hispanic,Female,6,64916,0.0002060899706980550
Diagnosed Prediabetes,Not at risk,Obese,Over 70,NonHispanic White,Male,14,667725,0.0021198383400757700
Diagnosed Prediabetes,Not at risk,Obese,Over 70,NonHispanic White,Female,16,1105173,0.0035086122248179400
Diagnosed Prediabetes,Not at risk,Obese,Over 70,NonHispanic Black,Male,4,55390,0.0001758476104036790
Diagnosed Prediabetes,Not at risk,Obese,Over 70,NonHispanic Black,Female,8,149333,0.0004740901102078470
Diagnosed Prediabetes,Not at risk,Obese,Over 70,NonHispanic Asian,Male,1,19843,0.0000629959222466187
Diagnosed Prediabetes,Not at risk,Obese,Over 70,NonHispanic Asian,Female,3,64619,0.0002051470795572370
Diagnosed Prediabetes,Not at risk,Obese,Over 70,Other Race Including Multi Racial,Male,1,14380,0.0000456524397473354
Diagnosed Prediabetes,Not at risk,Obese,Over 70,Other Race Including Multi Racial,Female,2,58606,0.0001860575023527360
Diagnosed Prediabetes,Not at risk,Overwweight,Under 40,Other Hispanic,Male,1,48209,0.0001530499629888240
Diagnosed Prediabetes,Not at risk,Overwweight,Under 40,Other Hispanic,Female,2,58098,0.0001844447457886430
Diagnosed Prediabetes,Not at risk,Overwweight,Under 40,NonHispanic White,Male,1,170718,0.0005419814470643670
Diagnosed Prediabetes,Not at risk,Overwweight,Under 40,NonHispanic White,Female,4,359433,0.0011410982876011100
Diagnosed Prediabetes,Not at risk,Overwweight,Under 40,NonHispanic Black,Male,1,23366,0.0000741804525129512
Diagnosed Prediabetes,Not at risk,Overwweight,Under 40,NonHispanic Asian,Female,4,85758,0.0002722574358728780
Diagnosed Prediabetes,Not at risk,Overwweight,Under 40,Other Race Including Multi Racial,Male,1,15763,0.0000500430742515471
Diagnosed Prediabetes,Not at risk,Overwweight,40-44,Mexican American,Female,2,71595,0.0002272939098546920
Diagnosed Prediabetes,Not at risk,Overwweight,40-44,Other Hispanic,Female,1,22276,0.0000707200102789738
Diagnosed Prediabetes,Not at risk,Overwweight,40-44,NonHispanic White,Male,1,36375,0.0001154803543678250
Diagnosed Prediabetes,Not at risk,Overwweight,40-44,NonHispanic Asian,Male,2,44535,0.0001413860503579680
Diagnosed Prediabetes,Not at risk,Overwweight,40-44,NonHispanic Asian,Female,1,24244,0.0000769678546060083
Diagnosed Prediabetes,Not at risk,Overwweight,45-49,NonHispanic Asian,Female,1,15422,0.0000489604955343120
Diagnosed Prediabetes,Not at risk,Overwweight,50-54,Other Hispanic,Female,1,14229,0.0000451730573828119
Diagnosed Prediabetes,Not at risk,Overwweight,50-54,NonHispanic White,Male,2,184173,0.0005846972729892910
Diagnosed Prediabetes,Not at risk,Overwweight,50-54,NonHispanic White,Female,1,44897,0.0001425352981457660
Diagnosed Prediabetes,Not at risk,Overwweight,50-54,NonHispanic Black,Female,1,28874,0.0000916667973062978
Diagnosed Prediabetes,Not at risk,Overwweight,50-54,NonHispanic Asian,Female,2,48828,0.0001550151132116060
Diagnosed Prediabetes,Not at risk,Overwweight,55-59,Other Hispanic,Male,1,25961,0.0000824188448039342
Diagnosed Prediabetes,Not at risk,Overwweight,55-59,NonHispanic White,Male,2,126060,0.0004002049064359600
Diagnosed Prediabetes,Not at risk,Overwweight,55-59,NonHispanic Black,Male,2,50902,0.0001615994776091010
Diagnosed Prediabetes,Not at risk,Overwweight,55-59,NonHispanic Black,Female,1,34523,0.0001096007772877090
Diagnosed Prediabetes,Not at risk,Overwweight,55-59,NonHispanic Asian,Male,2,40554,0.0001287474994098360
Diagnosed Prediabetes,Not at risk,Overwweight,55-59,NonHispanic Asian,Female,1,24382,0.0000774059656411357
Diagnosed Prediabetes,Not at risk,Overwweight,55-59,Other Race Including Multi Racial,Male,1,19694,0.0000625228893173869
Diagnosed Prediabetes,Not at risk,Overwweight,55-59,Other Race Including Multi Racial,Female,1,19700,0.0000625419376232620
Diagnosed Prediabetes,Not at risk,Overwweight,60-64,Other Hispanic,Male,1,7285,0.0000231278180500235
Diagnosed Prediabetes,Not at risk,Overwweight,60-64,NonHispanic White,Male,1,134254,0.0004262185428260620
Diagnosed Prediabetes,Not at risk,Overwweight,60-64,NonHispanic White,Female,1,45992,0.0001460116139679730
Diagnosed Prediabetes,Not at risk,Overwweight,60-64,NonHispanic Black,Male,2,21482,0.0000681992844681682
Diagnosed Prediabetes,Not at risk,Overwweight,60-64,NonHispanic Asian,Male,1,23058,0.0000732026394780292
Diagnosed Prediabetes,Not at risk,Overwweight,60-64,Other Race Including Multi Racial,Female,1,157496,0.0005000053303509270
Diagnosed Prediabetes,Not at risk,Overwweight,65-70,Mexican American,Male,1,11757,0.0000373251553622686
Diagnosed Prediabetes,Not at risk,Overwweight,65-70,NonHispanic White,Male,1,185427,0.0005886783689171880
Diagnosed Prediabetes,Not at risk,Overwweight,65-70,NonHispanic White,Female,1,35383,0.0001123310344631410
Diagnosed Prediabetes,Not at risk,Overwweight,65-70,NonHispanic Black,Male,1,15021,0.0000476874337583258
Diagnosed Prediabetes,Not at risk,Overwweight,65-70,NonHispanic Asian,Female,2,41163,0.0001306809024561590
Diagnosed Prediabetes,Not at risk,Overwweight,Over 70,Mexican American,Male,2,22712,0.0000721041871725648
Diagnosed Prediabetes,Not at risk,Overwweight,Over 70,NonHispanic White,Male,4,115013,0.0003651338006022450
Diagnosed Prediabetes,Not at risk,Overwweight,Over 70,NonHispanic White,Female,2,173182,0.0005498039513437440
Diagnosed Prediabetes,Not at risk,Overwweight,Over 70,NonHispanic Black,Female,1,23381,0.0000742280732776390
Diagnosed Prediabetes,Not at risk,Overwweight,Over 70,NonHispanic Asian,Male,1,19345,0.0000614149128589849
Diagnosed Prediabetes,Not at risk,Overwweight,Over 70,NonHispanic Asian,Female,1,21966,0.0000697358478087600
Diagnosed Prediabetes,Not at risk,Healthy,Under 40,Mexican American,Male,1,16210,0.0000514621730392425
Diagnosed Prediabetes,Not at risk,Healthy,Under 40,Mexican American,Female,1,32736,0.0001039275568545740
Diagnosed Prediabetes,Not at risk,Healthy,Under 40,NonHispanic Black,Male,1,8831,0.0000280359315305090
Diagnosed Prediabetes,Not at risk,Healthy,Under 40,NonHispanic Asian,Female,2,44984,0.0001428114985809550
Diagnosed Prediabetes,Not at risk,Healthy,40-44,NonHispanic Black,Female,1,22313,0.0000708374748318703
Diagnosed Prediabetes,Not at risk,Healthy,40-44,NonHispanic Asian,Female,2,45552,0.0001446147382037980
Diagnosed Prediabetes,Not at risk,Healthy,45-49,NonHispanic White,Female,2,247594,0.0007860410408067980
Diagnosed Prediabetes,Not at risk,Healthy,45-49,NonHispanic Black,Male,1,19809,0.0000628879818466597
Diagnosed Prediabetes,Not at risk,Healthy,50-54,Other Hispanic,Female,1,18990,0.0000602878880947079
Diagnosed Prediabetes,Not at risk,Healthy,50-54,NonHispanic Black,Female,1,21271,0.0000675294190448937
Diagnosed Prediabetes,Not at risk,Healthy,50-54,NonHispanic Asian,Female,1,19255,0.0000611291882708584
Diagnosed Prediabetes,Not at risk,Healthy,55-59,NonHispanic Black,Female,1,26702,0.0000847713105795097
Diagnosed Prediabetes,Not at risk,Healthy,60-64,NonHispanic Black,Male,1,16147,0.0000512621658275539
Diagnosed Prediabetes,Not at risk,Healthy,65-70,Other Hispanic,Female,1,7873,0.0000249945520257838
Diagnosed Prediabetes,Not at risk,Healthy,65-70,NonHispanic Asian,Male,1,20179,0.0000640626273756246
Diagnosed Prediabetes,Not at risk,Healthy,Over 70,NonHispanic White,Male,1,20281,0.0000643864485755013
Diagnosed Prediabetes,Not at risk,Healthy,Over 70,NonHispanic Black,Female,1,20679,0.0000656499861985500
Undiagnosed Diabetes,At risk,Obese,Under 40,Mexican American,Male,4,111746,0.0003547619980532500
Undiagnosed Diabetes,At risk,Obese,Under 40,Other Hispanic,Male,1,27745,0.0000880825410841322
Undiagnosed Diabetes,At risk,Obese,Under 40,Other Hispanic,Female,1,31441,0.0000998162975031970
Undiagnosed Diabetes,At risk,Obese,Under 40,NonHispanic White,Male,1,44758,0.0001420940123929930
Undiagnosed Diabetes,At risk,Obese,Under 40,NonHispanic White,Female,1,111468,0.0003538794265477040
Undiagnosed Diabetes,At risk,Obese,Under 40,NonHispanic Black,Male,2,53982,0.0001713776079583210
Undiagnosed Diabetes,At risk,Obese,Under 40,NonHispanic Black,Female,5,129542,0.0004112592732788120
Undiagnosed Diabetes,At risk,Obese,Under 40,NonHispanic Asian,Male,1,24664,0.0000783012360172657
Undiagnosed Diabetes,At risk,Obese,Under 40,NonHispanic Asian,Female,1,18623,0.0000591227667186806
Undiagnosed Diabetes,At risk,Obese,40-44,Mexican American,Male,1,35119,0.0001114929090046360
Undiagnosed Diabetes,At risk,Obese,40-44,Mexican American,Female,1,21073,0.0000669008249510152
Undiagnosed Diabetes,At risk,Obese,40-44,Other Hispanic,Female,2,46847,0.0001487259975551750
Undiagnosed Diabetes,At risk,Obese,40-44,NonHispanic White,Male,1,126793,0.0004025319744703680
Undiagnosed Diabetes,At risk,Obese,40-44,NonHispanic White,Female,1,28601,0.0000908000993889805
Undiagnosed Diabetes,At risk,Obese,40-44,NonHispanic Black,Male,5,125062,0.0003970365382254010
Undiagnosed Diabetes,At risk,Obese,40-44,NonHispanic Black,Female,4,79312,0.0002517932059277240
Undiagnosed Diabetes,At risk,Obese,40-44,NonHispanic Asian,Male,1,22779,0.0000723168932548368
Undiagnosed Diabetes,At risk,Obese,45-49,Mexican American,Male,2,57380,0.0001821652985189220
Undiagnosed Diabetes,At risk,Obese,45-49,Mexican American,Female,2,49866,0.0001583104701279990
Undiagnosed Diabetes,At risk,Obese,45-49,Other Hispanic,Female,1,21429,0.0000680310244329381
Undiagnosed Diabetes,At risk,Obese,45-49,NonHispanic White,Male,1,47080,0.0001494657067666590
Undiagnosed Diabetes,At risk,Obese,45-49,NonHispanic White,Female,1,117609,0.0003733753676108740
Undiagnosed Diabetes,At risk,Obese,45-49,NonHispanic Black,Male,1,21834,0.0000693167850795077
Undiagnosed Diabetes,At risk,Obese,45-49,NonHispanic Black,Female,4,80522,0.0002556346142792030
Undiagnosed Diabetes,At risk,Obese,45-49,NonHispanic Asian,Male,1,22824,0.0000724597555489001
Undiagnosed Diabetes,At risk,Obese,50-54,Mexican American,Male,2,71104,0.0002257351234905800
Undiagnosed Diabetes,At risk,Obese,50-54,Mexican American,Female,3,49225,0.0001562754761170090
Undiagnosed Diabetes,At risk,Obese,50-54,Other Hispanic,Male,1,24573,0.0000780123367114932
Undiagnosed Diabetes,At risk,Obese,50-54,Other Hispanic,Female,1,12511,0.0000397188924672401
Undiagnosed Diabetes,At risk,Obese,50-54,NonHispanic White,Male,1,146672,0.0004656421865522380
Undiagnosed Diabetes,At risk,Obese,50-54,NonHispanic White,Female,1,126323,0.0004010398571768180
Undiagnosed Diabetes,At risk,Obese,50-54,NonHispanic Black,Male,2,46248,0.0001468243416853110
Undiagnosed Diabetes,At risk,Obese,50-54,NonHispanic Black,Female,2,57156,0.0001814541617662520
Undiagnosed Diabetes,At risk,Obese,50-54,NonHispanic Asian,Male,1,13118,0.0000416459460782716
Undiagnosed Diabetes,At risk,Obese,55-59,Mexican American,Female,1,18471,0.0000586402096365113
Undiagnosed Diabetes,At risk,Obese,55-59,Other Hispanic,Male,3,79699,0.0002530218216566680
Undiagnosed Diabetes,At risk,Obese,55-59,Other Hispanic,Female,1,18419,0.0000584751243189270
Undiagnosed Diabetes,At risk,Obese,55-59,NonHispanic White,Male,1,177064,0.0005621282052449370
Undiagnosed Diabetes,At risk,Obese,55-59,NonHispanic White,Female,1,162305,0.0005152725475098240
Undiagnosed Diabetes,At risk,Obese,55-59,Other Race Including Multi Racial,Male,2,61307,0.0001946324147141790
Undiagnosed Diabetes,At risk,Obese,55-59,Other Race Including Multi Racial,Female,1,20505,0.0000650975853281719
Undiagnosed Diabetes,At risk,Obese,60-64,Mexican American,Male,2,16209,0.0000514589983215966
Undiagnosed Diabetes,At risk,Obese,60-64,Mexican American,Female,3,25306,0.0000803394047459019
Undiagnosed Diabetes,At risk,Obese,60-64,Other Hispanic,Male,1,10240,0.0000325091086935128
Undiagnosed Diabetes,At risk,Obese,60-64,Other Hispanic,Female,1,7354,0.0000233468735675872
Undiagnosed Diabetes,At risk,Obese,60-64,NonHispanic White,Male,1,116270,0.0003691244206830800
Undiagnosed Diabetes,At risk,Obese,60-64,NonHispanic White,Female,1,116658,0.0003703562111296700
Undiagnosed Diabetes,At risk,Obese,60-64,NonHispanic Black,Male,3,32110,0.0001019401836082710
Undiagnosed Diabetes,At risk,Obese,60-64,NonHispanic Black,Female,6,116006,0.0003682862952245750
Undiagnosed Diabetes,At risk,Obese,60-64,NonHispanic Asian,Female,1,16873,0.0000535670108384416
Undiagnosed Diabetes,Not at risk,Obese,65-70,Mexican American,Male,2,22392,0.0000710882775258925
Undiagnosed Diabetes,Not at risk,Obese,65-70,Mexican American,Female,4,39795,0.0001263378887166350
Undiagnosed Diabetes,Not at risk,Obese,65-70,Other Hispanic,Male,1,8156,0.0000258929971195596
Undiagnosed Diabetes,Not at risk,Obese,65-70,NonHispanic White,Male,1,25409,0.0000806664006634246
Undiagnosed Diabetes,Not at risk,Obese,65-70,NonHispanic White,Female,1,123255,0.0003912998234393480
Undiagnosed Diabetes,Not at risk,Obese,65-70,NonHispanic Black,Male,1,11947,0.0000379283517149802
Undiagnosed Diabetes,Not at risk,Obese,65-70,NonHispanic Asian,Female,1,18106,0.0000574814376957757
Undiagnosed Diabetes,Not at risk,Obese,Over 70,Mexican American,Female,2,27842,0.0000883904886957797
Undiagnosed Diabetes,Not at risk,Obese,Over 70,Other Hispanic,Female,3,32102,0.0001019147858671040
Undiagnosed Diabetes,Not at risk,Obese,Over 70,NonHispanic White,Male,4,103190,0.0003275991138753500
Undiagnosed Diabetes,Not at risk,Obese,Over 70,NonHispanic White,Female,2,109700,0.0003482665257498400
Undiagnosed Diabetes,Not at risk,Obese,Over 70,NonHispanic Black,Male,2,30106,0.0000955780494459861
Undiagnosed Diabetes,Not at risk,Obese,Over 70,NonHispanic Black,Female,1,16902,0.0000536590776501713
Undiagnosed Diabetes,Not at risk,Obese,Over 70,NonHispanic Asian,Male,2,39192,0.0001244235339761870
Undiagnosed Diabetes,Not at risk,Obese,Over 70,NonHispanic Asian,Female,1,24876,0.0000789742761581860
Undiagnosed Diabetes,Not at risk,Obese,Over 70,Other Race Including Multi Racial,Female,1,51136,0.0001623423615382300
Undiagnosed Diabetes,Not at risk,Overwweight,45-49,NonHispanic Asian,Female,1,16287,0.0000517066262979730
Undiagnosed Diabetes,Not at risk,Overwweight,50-54,NonHispanic White,Male,1,37981,0.0001205789509070620
Undiagnosed Diabetes,Not at risk,Overwweight,55-59,NonHispanic White,Male,1,32402,0.0001028672011608600
Undiagnosed Diabetes,Not at risk,Overwweight,55-59,NonHispanic Asian,Male,1,13465,0.0000427475731013819
Undiagnosed Diabetes,Not at risk,Overwweight,60-64,NonHispanic Asian,Male,1,20837,0.0000661515915865944
Undiagnosed Diabetes,Not at risk,Overwweight,65-70,NonHispanic White,Male,1,19559,0.0000620943024351970
Undiagnosed Diabetes,Not at risk,Overwweight,65-70,NonHispanic Asian,Male,2,49918,0.0001584755554455830
Undiagnosed Diabetes,Not at risk,Overwweight,65-70,NonHispanic Asian,Female,1,25785,0.0000818600944982645
Undiagnosed Diabetes,Not at risk,Overwweight,Over 70,NonHispanic White,Female,2,98268,0.0003119731536224730
Undiagnosed Diabetes,Not at risk,Healthy,60-64,NonHispanic Asian,Male,1,21948,0.0000696787028911347
Undiagnosed Diabetes,Not at risk,Healthy,65-70,Other Hispanic,Female,1,8074,0.0000256326702725999
Undiagnosed Diabetes,Not at risk,Healthy,65-70,NonHispanic Asian,Male,1,19418,0.0000616466672471320
Undiagnosed Diabetes,Not at risk,Healthy,Over 70,NonHispanic Asian,Male,1,17927,0.0000569131632371684
Undiagnosed Prediabetes,At risk,Obese,Under 40,Mexican American,Male,33,1043754,0.0033136242417274200
Undiagnosed Prediabetes,At risk,Obese,Under 40,Mexican American,Female,31,734709,0.0023324936268654400
Undiagnosed Prediabetes,At risk,Obese,Under 40,Other Hispanic,Male,14,385160,0.0012227742484759200
Undiagnosed Prediabetes,At risk,Obese,Under 40,Other Hispanic,Female,17,488742,0.0015516178516684400
Undiagnosed Prediabetes,At risk,Obese,Under 40,NonHispanic White,Male,16,1328045,0.0042161678959840100
Undiagnosed Prediabetes,At risk,Obese,Under 40,NonHispanic White,Female,12,797797,0.0025327802137068800
Undiagnosed Prediabetes,At risk,Obese,Under 40,NonHispanic Black,Male,42,973039,0.0030891240834010800
Undiagnosed Prediabetes,At risk,Obese,Under 40,NonHispanic Black,Female,31,766675,0.0024339766511327100
Undiagnosed Prediabetes,At risk,Obese,Under 40,NonHispanic Asian,Male,9,163590,0.0005193520596847430
Undiagnosed Prediabetes,At risk,Obese,Under 40,NonHispanic Asian,Female,6,143541,0.0004557021456030790
Undiagnosed Prediabetes,At risk,Obese,Under 40,Other Race Including Multi Racial,Male,3,90615,0.0002876770394787760
Undiagnosed Prediabetes,At risk,Obese,Under 40,Other Race Including Multi Racial,Female,5,108032,0.0003429710967165600
Undiagnosed Prediabetes,At risk,Obese,40-44,Mexican American,Male,6,200961,0.0006379944328278350
Undiagnosed Prediabetes,At risk,Obese,40-44,Mexican American,Female,9,190048,0.0006033487391586650
Undiagnosed Prediabetes,At risk,Obese,40-44,Other Hispanic,Male,7,269152,0.0008544816038160510
Undiagnosed Prediabetes,At risk,Obese,40-44,Other Hispanic,Female,2,51276,0.0001627868220086490
Undiagnosed Prediabetes,At risk,Obese,40-44,NonHispanic White,Male,2,150588,0.0004780743808533900
Undiagnosed Prediabetes,At risk,Obese,40-44,NonHispanic White,Female,4,416008,0.0013207079384151300
Undiagnosed Prediabetes,At risk,Obese,40-44,NonHispanic Black,Male,10,233526,0.0007413791129649680
Undiagnosed Prediabetes,At risk,Obese,40-44,NonHispanic Black,Female,13,266163,0.0008449923727726030
Undiagnosed Prediabetes,At risk,Obese,40-44,NonHispanic Asian,Male,5,90399,0.0002869913004672720
Undiagnosed Prediabetes,At risk,Obese,40-44,NonHispanic Asian,Female,2,40681,0.0001291506885508590
Undiagnosed Prediabetes,At risk,Obese,40-44,Other Race Including Multi Racial,Male,2,38597,0.0001225345769769060
Undiagnosed Prediabetes,At risk,Obese,45-49,Mexican American,Male,8,271699,0.0008625676096600330
Undiagnosed Prediabetes,At risk,Obese,45-49,Mexican American,Female,8,223779,0.0007104351400708600
Undiagnosed Prediabetes,At risk,Obese,45-49,Other Hispanic,Male,3,103604,0.0003289134469807330
Undiagnosed Prediabetes,At risk,Obese,45-49,Other Hispanic,Female,4,83464,0.0002649746335932960
Undiagnosed Prediabetes,At risk,Obese,45-49,NonHispanic White,Male,10,799210,0.0025372660897404700
Undiagnosed Prediabetes,At risk,Obese,45-49,NonHispanic White,Female,8,802175,0.0025466791275604200
Undiagnosed Prediabetes,At risk,Obese,45-49,NonHispanic Black,Male,10,247992,0.0007873045784298470
Undiagnosed Prediabetes,At risk,Obese,45-49,NonHispanic Black,Female,15,330749,0.0010500346866475300
Undiagnosed Prediabetes,At risk,Obese,45-49,NonHispanic Asian,Male,2,33760,0.0001071784677239250
Undiagnosed Prediabetes,At risk,Obese,45-49,NonHispanic Asian,Female,5,129548,0.0004112783215846870
Undiagnosed Prediabetes,At risk,Obese,45-49,Other Race Including Multi Racial,Male,1,23798,0.0000755519305359588
Undiagnosed Prediabetes,At risk,Obese,50-54,Mexican American,Male,7,181250,0.0005754175733104690
Undiagnosed Prediabetes,At risk,Obese,50-54,Mexican American,Female,12,187071,0.0005938976047269670
Undiagnosed Prediabetes,At risk,Obese,50-54,Other Hispanic,Male,5,114411,0.0003632226205794430
Undiagnosed Prediabetes,At risk,Obese,50-54,Other Hispanic,Female,8,129931,0.0004124942384430480
Undiagnosed Prediabetes,At risk,Obese,50-54,NonHispanic White,Male,8,781387,0.0024806830971384700
Undiagnosed Prediabetes,At risk,Obese,50-54,NonHispanic White,Female,11,819296,0.0026010334683750300
Undiagnosed Prediabetes,At risk,Obese,50-54,NonHispanic Black,Male,11,237467,0.0007538906752072670
Undiagnosed Prediabetes,At risk,Obese,50-54,NonHispanic Black,Female,16,411473,0.0013063105938911900
Undiagnosed Prediabetes,At risk,Obese,50-54,NonHispanic Asian,Male,5,64751,0.0002055661422864890
Undiagnosed Prediabetes,At risk,Obese,50-54,NonHispanic Asian,Female,3,69705,0.0002212936935040340
Undiagnosed Prediabetes,At risk,Obese,50-54,Other Race Including Multi Racial,Male,3,73426,0.0002331068178642450
Undiagnosed Prediabetes,At risk,Obese,50-54,Other Race Including Multi Racial,Female,2,257269,0.0008167564340304050
Undiagnosed Prediabetes,At risk,Obese,55-59,Mexican American,Male,7,186245,0.0005912752879514940
Undiagnosed Prediabetes,At risk,Obese,55-59,Mexican American,Female,10,162163,0.0005148217376041130
Undiagnosed Prediabetes,At risk,Obese,55-59,Other Hispanic,Male,5,107209,0.0003403583040940250
Undiagnosed Prediabetes,At risk,Obese,55-59,Other Hispanic,Female,4,61596,0.0001955499081138300
Undiagnosed Prediabetes,At risk,Obese,55-59,NonHispanic White,Male,15,1485769,0.0047168970619581900
Undiagnosed Prediabetes,At risk,Obese,55-59,NonHispanic White,Female,15,1398971,0.0044413379197336300
Undiagnosed Prediabetes,At risk,Obese,55-59,NonHispanic Black,Male,14,314767,0.0009992963492315380
Undiagnosed Prediabetes,At risk,Obese,55-59,NonHispanic Black,Female,15,363733,0.0011547495734782700
Undiagnosed Prediabetes,At risk,Obese,55-59,NonHispanic Asian,Male,5,78497,0.0002492058110463550
Undiagnosed Prediabetes,At risk,Obese,55-59,NonHispanic Asian,Female,2,45090,0.0001431480186514150
Undiagnosed Prediabetes,At risk,Obese,55-59,Other Race Including Multi Racial,Male,1,130693,0.0004149133732891870
Undiagnosed Prediabetes,At risk,Obese,55-59,Other Race Including Multi Racial,Female,1,14374,0.0000456333914414603
Undiagnosed Prediabetes,At risk,Obese,60-64,Mexican American,Male,12,107553,0.0003414504069641980
Undiagnosed Prediabetes,At risk,Obese,60-64,Mexican American,Female,17,162445,0.0005157170079802430
Undiagnosed Prediabetes,At risk,Obese,60-64,Other Hispanic,Male,13,105589,0.0003352152615077470
Undiagnosed Prediabetes,At risk,Obese,60-64,Other Hispanic,Female,6,55493,0.0001761746063212020
Undiagnosed Prediabetes,At risk,Obese,60-64,NonHispanic White,Male,6,665877,0.0021139714618662300
Undiagnosed Prediabetes,At risk,Obese,60-64,NonHispanic White,Female,12,1032395,0.0032775626239882000
Undiagnosed Prediabetes,At risk,Obese,60-64,NonHispanic Black,Male,15,187074,0.0005939071288799040
Undiagnosed Prediabetes,At risk,Obese,60-64,NonHispanic Black,Female,12,273288,0.0008676122359992900
Undiagnosed Prediabetes,At risk,Obese,60-64,NonHispanic Asian,Male,2,37184,0.0001180487009433180
Undiagnosed Prediabetes,At risk,Obese,60-64,NonHispanic Asian,Female,1,25657,0.0000814537306395956
Undiagnosed Prediabetes,At risk,Obese,60-64,Other Race Including Multi Racial,Male,1,9396,0.0000298296470004147
Undiagnosed Prediabetes,At risk,Obese,60-64,Other Race Including Multi Racial,Female,2,67450,0.0002141347052126410
Undiagnosed Prediabetes,Not at risk,Obese,65-70,Mexican American,Male,3,28060,0.0000890825771425752
Undiagnosed Prediabetes,Not at risk,Obese,65-70,Mexican American,Female,13,125244,0.0003976143368369450
Undiagnosed Prediabetes,Not at risk,Obese,65-70,Other Hispanic,Male,9,88364,0.0002805307500579660
Undiagnosed Prediabetes,Not at risk,Obese,65-70,Other Hispanic,Female,12,98900,0.0003139795751746500
Undiagnosed Prediabetes,Not at risk,Obese,65-70,NonHispanic White,Male,13,970039,0.0030795999304635200
Undiagnosed Prediabetes,Not at risk,Obese,65-70,NonHispanic White,Female,17,1653892,0.0052506401167315700
Undiagnosed Prediabetes,Not at risk,Obese,65-70,NonHispanic Black,Male,11,145935,0.0004633024196472460
Undiagnosed Prediabetes,Not at risk,Obese,65-70,NonHispanic Black,Female,10,221961,0.0007046635033907030
Undiagnosed Prediabetes,Not at risk,Obese,65-70,NonHispanic Asian,Male,4,85006,0.0002698700482031980
Undiagnosed Prediabetes,Not at risk,Obese,65-70,NonHispanic Asian,Female,2,46935,0.0001490053727080100
Undiagnosed Prediabetes,Not at risk,Obese,65-70,Other Race Including Multi Racial,Male,2,165138,0.0005242665226005200
Undiagnosed Prediabetes,Not at risk,Obese,65-70,Other Race Including Multi Racial,Female,1,19814,0.0000629038554348890
Undiagnosed Prediabetes,Not at risk,Obese,Over 70,Mexican American,Male,11,109015,0.0003460918441624320
Undiagnosed Prediabetes,Not at risk,Obese,Over 70,Mexican American,Female,12,159006,0.0005047991539961620
Undiagnosed Prediabetes,Not at risk,Obese,Over 70,Other Hispanic,Male,7,61852,0.0001963626358311680
Undiagnosed Prediabetes,Not at risk,Obese,Over 70,Other Hispanic,Female,13,147726,0.0004689883389509640
Undiagnosed Prediabetes,Not at risk,Obese,Over 70,NonHispanic White,Male,42,1564352,0.0049663758987220900
Undiagnosed Prediabetes,Not at risk,Obese,Over 70,NonHispanic White,Female,41,2552918,0.0081047938230102900
Undiagnosed Prediabetes,Not at risk,Obese,Over 70,NonHispanic Black,Male,7,106068,0.0003367359512601090
Undiagnosed Prediabetes,Not at risk,Obese,Over 70,NonHispanic Black,Female,19,369146,0.0011719343200952600
Undiagnosed Prediabetes,Not at risk,Obese,Over 70,NonHispanic Asian,Male,2,39023,0.0001238870066940380
Undiagnosed Prediabetes,Not at risk,Obese,Over 70,NonHispanic Asian,Female,2,40117,0.0001273601477985990
Undiagnosed Prediabetes,Not at risk,Obese,Over 70,Other Race Including Multi Racial,Female,3,143593,0.0004558672309206630
Undiagnosed Prediabetes,Not at risk,Overwweight,Under 40,Mexican American,Male,2,63620,0.0002019755366290320
Undiagnosed Prediabetes,Not at risk,Overwweight,Under 40,Mexican American,Female,4,99353,0.0003154177222682210
Undiagnosed Prediabetes,Not at risk,Overwweight,Under 40,Other Hispanic,Male,1,24648,0.0000782504405349321
Undiagnosed Prediabetes,Not at risk,Overwweight,Under 40,NonHispanic White,Male,6,376975,0.0011967891845446300
Undiagnosed Prediabetes,Not at risk,Overwweight,Under 40,NonHispanic White,Female,1,38025,0.0001207186384834790
Undiagnosed Prediabetes,Not at risk,Overwweight,Under 40,NonHispanic Black,Male,13,263593,0.0008368333484227660
Undiagnosed Prediabetes,Not at risk,Overwweight,Under 40,NonHispanic Black,Female,2,49164,0.0001560818183406120
Undiagnosed Prediabetes,Not at risk,Overwweight,Under 40,NonHispanic Asian,Male,3,46380,0.0001472434044145630
Undiagnosed Prediabetes,Not at risk,Overwweight,Under 40,NonHispanic Asian,Female,4,84327,0.0002677144149216660
Undiagnosed Prediabetes,Not at risk,Overwweight,Under 40,Other Race Including Multi Racial,Female,1,121486,0.0003856837479238380
Undiagnosed Prediabetes,Not at risk,Overwweight,40-44,Mexican American,Male,1,21941,0.0000696564798676138
Undiagnosed Prediabetes,Not at risk,Overwweight,40-44,Mexican American,Female,1,43662,0.0001386145218531400
Undiagnosed Prediabetes,Not at risk,Overwweight,40-44,Other Hispanic,Female,1,18954,0.0000601735982594572
Undiagnosed Prediabetes,Not at risk,Overwweight,40-44,NonHispanic White,Male,1,26870,0.0000853046631440127
Undiagnosed Prediabetes,Not at risk,Overwweight,40-44,NonHispanic White,Female,2,169495,0.0005380987673834920
Undiagnosed Prediabetes,Not at risk,Overwweight,40-44,NonHispanic Black,Male,5,105074,0.0003335802819201330
Undiagnosed Prediabetes,Not at risk,Overwweight,40-44,NonHispanic Black,Female,1,39300,0.0001247664034819390
Undiagnosed Prediabetes,Not at risk,Overwweight,45-49,NonHispanic White,Male,1,25871,0.0000821331202158077
Undiagnosed Prediabetes,Not at risk,Overwweight,45-49,NonHispanic White,Female,2,230076,0.0007304263370867830
Undiagnosed Prediabetes,Not at risk,Overwweight,45-49,NonHispanic Black,Male,1,17605,0.0000558909041552044
Undiagnosed Prediabetes,Not at risk,Overwweight,45-49,NonHispanic Black,Female,2,43352,0.0001376303593829270
Undiagnosed Prediabetes,Not at risk,Overwweight,45-49,NonHispanic Asian,Male,1,19504,0.0000619196929646752
Undiagnosed Prediabetes,Not at risk,Overwweight,45-49,NonHispanic Asian,Female,2,46009,0.0001460655841679520
Undiagnosed Prediabetes,Not at risk,Overwweight,50-54,Mexican American,Male,1,16604,0.0000527130117917077
Undiagnosed Prediabetes,Not at risk,Overwweight,50-54,Other Hispanic,Female,1,17276,0.0000548464220497195
Undiagnosed Prediabetes,Not at risk,Overwweight,50-54,NonHispanic White,Male,2,350343,0.0011122401042003300
Undiagnosed Prediabetes,Not at risk,Overwweight,50-54,NonHispanic White,Female,3,420979,0.0013364894598326500
Undiagnosed Prediabetes,Not at risk,Overwweight,50-54,NonHispanic Black,Male,3,78234,0.0002483708603054960
Undiagnosed Prediabetes,Not at risk,Overwweight,50-54,NonHispanic Black,Female,2,43285,0.0001374176533006550
Undiagnosed Prediabetes,Not at risk,Overwweight,50-54,NonHispanic Asian,Male,5,86712,0.0002752861165070200
Undiagnosed Prediabetes,Not at risk,Overwweight,50-54,NonHispanic Asian,Female,1,24865,0.0000789393542640817
Undiagnosed Prediabetes,Not at risk,Overwweight,55-59,Mexican American,Female,1,11742,0.0000372775345975808
Undiagnosed Prediabetes,Not at risk,Overwweight,55-59,Other Hispanic,Female,2,42601,0.0001352461464308930
Undiagnosed Prediabetes,Not at risk,Overwweight,55-59,NonHispanic White,Male,2,70247,0.0002230143904680860
Undiagnosed Prediabetes,Not at risk,Overwweight,55-59,NonHispanic White,Female,5,486566,0.0015447096660710700
Undiagnosed Prediabetes,Not at risk,Overwweight,55-59,NonHispanic Black,Male,3,73762,0.0002341735229932510
Undiagnosed Prediabetes,Not at risk,Overwweight,55-59,NonHispanic Black,Female,3,70428,0.0002235890143619850
Undiagnosed Prediabetes,Not at risk,Overwweight,55-59,NonHispanic Asian,Male,2,31556,0.0001001813900324700
Undiagnosed Prediabetes,Not at risk,Overwweight,55-59,NonHispanic Asian,Female,2,38543,0.0001223631422240300
Undiagnosed Prediabetes,Not at risk,Overwweight,60-64,Mexican American,Female,2,17025,0.0000540495679206109
Undiagnosed Prediabetes,Not at risk,Overwweight,60-64,Other Hispanic,Male,1,7275,0.0000230960708735650
Undiagnosed Prediabetes,Not at risk,Overwweight,60-64,Other Hispanic,Female,1,7996,0.0000253850422962235
Undiagnosed Prediabetes,Not at risk,Overwweight,60-64,NonHispanic White,Male,3,307251,0.0009754351714053230
Undiagnosed Prediabetes,Not at risk,Overwweight,60-64,NonHispanic White,Female,2,188738,0.0005991898590426000
Undiagnosed Prediabetes,Not at risk,Overwweight,60-64,NonHispanic Black,Male,5,59058,0.0001874924747286600
Undiagnosed Prediabetes,Not at risk,Overwweight,60-64,NonHispanic Black,Female,2,33308,0.0001057434953480010
Undiagnosed Prediabetes,Not at risk,Overwweight,60-64,NonHispanic Asian,Male,3,65447,0.0002077757457680010
Undiagnosed Prediabetes,Not at risk,Overwweight,60-64,NonHispanic Asian,Female,1,21605,0.0000685897747386079
Undiagnosed Prediabetes,Not at risk,Overwweight,65-70,Mexican American,Male,1,10457,0.0000331980224226625
Undiagnosed Prediabetes,Not at risk,Overwweight,65-70,Mexican American,Female,1,10309,0.0000327281642110765
Undiagnosed Prediabetes,Not at risk,Overwweight,65-70,Other Hispanic,Male,4,33911,0.0001076578500884490
Undiagnosed Prediabetes,Not at risk,Overwweight,65-70,Other Hispanic,Female,2,17457,0.0000554210459436185
Undiagnosed Prediabetes,Not at risk,Overwweight,65-70,NonHispanic White,Male,3,220158,0.0006989394874752340
Undiagnosed Prediabetes,Not at risk,Overwweight,65-70,NonHispanic White,Female,5,516209,0.0016388178212470300
Undiagnosed Prediabetes,Not at risk,Overwweight,65-70,NonHispanic Black,Male,1,12728,0.0000404078061963898
Undiagnosed Prediabetes,Not at risk,Overwweight,65-70,NonHispanic Asian,Male,1,23362,0.0000741677536423678
Undiagnosed Prediabetes,Not at risk,Overwweight,65-70,NonHispanic Asian,Female,1,23588,0.0000748852398303301
Undiagnosed Prediabetes,Not at risk,Overwweight,Over 70,Mexican American,Male,4,49466,0.0001570405830696590
Undiagnosed Prediabetes,Not at risk,Overwweight,Over 70,Mexican American,Female,1,9461,0.0000300360036473950
Undiagnosed Prediabetes,Not at risk,Overwweight,Over 70,Other Hispanic,Male,1,10895,0.0000345885487515451
Undiagnosed Prediabetes,Not at risk,Overwweight,Over 70,Other Hispanic,Female,2,26116,0.0000829109260390411
Undiagnosed Prediabetes,Not at risk,Overwweight,Over 70,NonHispanic White,Male,11,401244,0.0012738364070917800
Undiagnosed Prediabetes,Not at risk,Overwweight,Over 70,NonHispanic White,Female,15,905371,0.0028742972897416400
Undiagnosed Prediabetes,Not at risk,Overwweight,Over 70,NonHispanic Black,Male,5,66510,0.0002111504706255410
Undiagnosed Prediabetes,Not at risk,Overwweight,Over 70,NonHispanic Black,Female,3,51899,0.0001647646711020140
Undiagnosed Prediabetes,Not at risk,Overwweight,Over 70,NonHispanic Asian,Male,3,56200,0.0001784191316968180
Undiagnosed Prediabetes,Not at risk,Overwweight,Over 70,NonHispanic Asian,Female,5,113707,0.0003609876193567640
Undiagnosed Prediabetes,Not at risk,Overwweight,Over 70,Other Race Including Multi Racial,Female,1,18062,0.0000573417501193583
Undiagnosed Prediabetes,Not at risk,Healthy,Under 40,Mexican American,Male,4,137627,0.0004369268654455170
Undiagnosed Prediabetes,Not at risk,Healthy,Under 40,Mexican American,Female,1,20670,0.0000656214137397373
Undiagnosed Prediabetes,Not at risk,Healthy,Under 40,Other Hispanic,Male,2,38232,0.0001213758050361700
Undiagnosed Prediabetes,Not at risk,Healthy,Under 40,Other Hispanic,Female,5,102834,0.0003264689143934280
Undiagnosed Prediabetes,Not at risk,Healthy,Under 40,NonHispanic White,Male,5,167847,0.0005328668327031300
Undiagnosed Prediabetes,Not at risk,Healthy,Under 40,NonHispanic White,Female,1,73212,0.0002324274282880330
Undiagnosed Prediabetes,Not at risk,Healthy,Under 40,NonHispanic Black,Male,13,249575,0.0007923301564632290
Undiagnosed Prediabetes,Not at risk,Healthy,Under 40,NonHispanic Black,Female,7,128608,0.0004082940869975880
Undiagnosed Prediabetes,Not at risk,Healthy,Under 40,NonHispanic Asian,Male,1,15450,0.0000490493876283958
Undiagnosed Prediabetes,Not at risk,Healthy,Under 40,Other Race Including Multi Racial,Male,3,38107,0.0001209789653304390
Undiagnosed Prediabetes,Not at risk,Healthy,Under 40,Other Race Including Multi Racial,Female,1,14125,0.0000448428867476434
Undiagnosed Prediabetes,Not at risk,Healthy,40-44,Mexican American,Male,1,32539,0.0001033021374783410
Undiagnosed Prediabetes,Not at risk,Healthy,40-44,NonHispanic White,Female,1,122919,0.0003902331183103420
Undiagnosed Prediabetes,Not at risk,Healthy,40-44,NonHispanic Asian,Female,1,23877,0.0000758027332299810
Undiagnosed Prediabetes,Not at risk,Healthy,45-49,NonHispanic White,Male,1,136207,0.0004324187663884080
Undiagnosed Prediabetes,Not at risk,Healthy,45-49,NonHispanic Asian,Male,1,21979,0.0000697771191381561
Undiagnosed Prediabetes,Not at risk,Healthy,45-49,NonHispanic Asian,Female,1,11685,0.0000370965756917673
Undiagnosed Prediabetes,Not at risk,Healthy,50-54,Mexican American,Male,1,28082,0.0000891524209307839
Undiagnosed Prediabetes,Not at risk,Healthy,50-54,NonHispanic White,Female,1,138099,0.0004384253321743580
Undiagnosed Prediabetes,Not at risk,Healthy,50-54,NonHispanic Asian,Male,1,16932,0.0000537543191795468
Undiagnosed Prediabetes,Not at risk,Healthy,50-54,NonHispanic Asian,Female,3,67341,0.0002137886609892430
Undiagnosed Prediabetes,Not at risk,Healthy,55-59,NonHispanic Black,Female,1,22658,0.0000719327524196888
Undiagnosed Prediabetes,Not at risk,Healthy,55-59,NonHispanic Asian,Male,2,35019,0.0001111754372400510
Undiagnosed Prediabetes,Not at risk,Healthy,55-59,NonHispanic Asian,Female,1,12100,0.0000384140835147954
Undiagnosed Prediabetes,Not at risk,Healthy,60-64,Other Hispanic,Male,1,9119,0.0000289502502125140
Undiagnosed Prediabetes,Not at risk,Healthy,60-64,Other Hispanic,Female,1,8215,0.0000260803054606648
Undiagnosed Prediabetes,Not at risk,Healthy,60-64,NonHispanic White,Male,1,160571,0.0005097675871119190
Undiagnosed Prediabetes,Not at risk,Healthy,60-64,NonHispanic White,Female,1,33111,0.0001051180759717680
Undiagnosed Prediabetes,Not at risk,Healthy,60-64,NonHispanic Black,Male,2,23024,0.0000730946990780703
Undiagnosed Prediabetes,Not at risk,Healthy,60-64,NonHispanic Black,Female,2,45101,0.0001431829405455200
Undiagnosed Prediabetes,Not at risk,Healthy,60-64,NonHispanic Asian,Male,1,20580,0.0000653356891516107
Undiagnosed Prediabetes,Not at risk,Healthy,60-64,NonHispanic Asian,Female,1,18524,0.0000588084696717414
Undiagnosed Prediabetes,Not at risk,Healthy,60-64,Other Race Including Multi Racial,Male,1,14155,0.0000449381282770190
Undiagnosed Prediabetes,Not at risk,Healthy,65-70,NonHispanic Black,Male,1,15515,0.0000492557442753761
Undiagnosed Prediabetes,Not at risk,Healthy,65-70,NonHispanic Black,Female,1,20753,0.0000658849153043429
Undiagnosed Prediabetes,Not at risk,Healthy,65-70,NonHispanic Asian,Female,1,22944,0.0000728407216664022
Undiagnosed Prediabetes,Not at risk,Healthy,65-70,Other Race Including Multi Racial,Female,1,21563,0.0000684564365974821
Undiagnosed Prediabetes,Not at risk,Healthy,Over 70,NonHispanic White,Male,3,59836,0.0001899624050571320
Undiagnosed Prediabetes,Not at risk,Healthy,Over 70,NonHispanic White,Female,7,321696,0.0010212939677996400
Undiagnosed Prediabetes,Not at risk,Healthy,Over 70,NonHispanic Black,Male,3,50324,0.0001597644908097990
Undiagnosed Prediabetes,Not at risk,Healthy,Over 70,NonHispanic Asian,Male,1,20557,0.0000652626706457562
Undiagnosed Prediabetes,Not at risk,Healthy,Over 70,NonHispanic Asian,Female,2,41771,0.0001326111307848360
Undiagnosed Prediabetes,Not at risk,Healthy,Over 70,Other Race Including Multi Racial,Female,1,49144,0.0001560183239876950
Healthy,At risk,Obese,Under 40,Mexican American,Male,164,4150603,0.0131769925850215000
Healthy,At risk,Obese,Under 40,Mexican American,Female,177,4003442,0.0127097979615405000
Healthy,At risk,Obese,Under 40,Other Hispanic,Male,97,2772517,0.0088019586433215000
Healthy,At risk,Obese,Under 40,Other Hispanic,Female,90,2166904,0.0068793083656648200
Healthy,At risk,Obese,Under 40,NonHispanic White,Male,192,15127042,0.0480240871669271000
Healthy,At risk,Obese,Under 40,NonHispanic White,Female,210,14861380,0.0471806853276951000
Healthy,At risk,Obese,Under 40,NonHispanic Black,Male,111,2478827,0.0078695758179115500
Healthy,At risk,Obese,Under 40,NonHispanic Black,Female,167,3765695,0.0119550183653924000
Healthy,At risk,Obese,Under 40,NonHispanic Asian,Male,67,1294276,0.0041089608558012700
Healthy,At risk,Obese,Under 40,NonHispanic Asian,Female,48,960291,0.0030486527828517700
Healthy,At risk,Obese,Under 40,Other Race Including Multi Racial,Male,38,1449705,0.0046024040447782200
Healthy,At risk,Obese,Under 40,Other Race Including Multi Racial,Female,44,1540981,0.0048921795726209100
Healthy,At risk,Obese,40-44,Mexican American,Male,4,153656,0.0004878144145908600
Healthy,At risk,Obese,40-44,Mexican American,Female,27,618315,0.0019629755411942800
Healthy,At risk,Obese,40-44,Other Hispanic,Male,12,399686,0.0012688901969995500
Healthy,At risk,Obese,40-44,Other Hispanic,Female,11,253293,0.0008041337566705020
Healthy,At risk,Obese,40-44,NonHispanic White,Male,34,3411986,0.0108320921615961000
Healthy,At risk,Obese,40-44,NonHispanic White,Female,23,1833681,0.0058214194275614500
Healthy,At risk,Obese,40-44,NonHispanic Black,Male,23,557440,0.0017697146045031000
Healthy,At risk,Obese,40-44,NonHispanic Black,Female,25,544152,0.0017275289564250400
Healthy,At risk,Obese,40-44,NonHispanic Asian,Male,9,187693,0.0005958722791026860
Healthy,At risk,Obese,40-44,NonHispanic Asian,Female,7,155765,0.0004945098941059600
Healthy,At risk,Obese,40-44,Other Race Including Multi Racial,Male,1,103087,0.0003272721179578280
Healthy,At risk,Obese,40-44,Other Race Including Multi Racial,Female,2,75869,0.0002408626530730590
Healthy,At risk,Obese,45-49,Mexican American,Male,8,275731,0.0008753680712081040
Healthy,At risk,Obese,45-49,Mexican American,Female,14,323768,0.0010278719827618400
Healthy,At risk,Obese,45-49,Other Hispanic,Male,11,376949,0.0011967066418858400
Healthy,At risk,Obese,45-49,Other Hispanic,Female,20,434424,0.0013791735385811100
Healthy,At risk,Obese,45-49,NonHispanic White,Male,34,4030472,0.0127956105795078000
Healthy,At risk,Obese,45-49,NonHispanic White,Female,34,2978796,0.0094568362245899600
Healthy,At risk,Obese,45-49,NonHispanic Black,Male,10,252120,0.0008004098128719190
Healthy,At risk,Obese,45-49,NonHispanic Black,Female,26,596190,0.0018927349132798300
Healthy,At risk,Obese,45-49,NonHispanic Asian,Male,11,213200,0.0006768498020954040
Healthy,At risk,Obese,45-49,NonHispanic Asian,Female,5,108621,0.0003448410054099670
Healthy,At risk,Obese,45-49,Other Race Including Multi Racial,Male,2,72435,0.0002299606726772070
Healthy,At risk,Obese,45-49,Other Race Including Multi Racial,Female,2,42233,0.0001340778503372190
Healthy,At risk,Obese,50-54,Mexican American,Male,15,442402,0.0014045014359597100
Healthy,At risk,Obese,50-54,Mexican American,Female,11,179561,0.0005700554752066270
Healthy,At risk,Obese,50-54,Other Hispanic,Male,12,277555,0.0008811587561941360
Healthy,At risk,Obese,50-54,Other Hispanic,Female,14,267761,0.0008500655715706730
Healthy,At risk,Obese,50-54,NonHispanic White,Male,27,2814580,0.0089354967916589200
Healthy,At risk,Obese,50-54,NonHispanic White,Female,25,3064747,0.0097297063809684900
Healthy,At risk,Obese,50-54,NonHispanic Black,Male,11,269287,0.0008549101906982410
Healthy,At risk,Obese,50-54,NonHispanic Black,Female,15,392390,0.0012457274570554200
Healthy,At risk,Obese,50-54,NonHispanic Asian,Male,1,11067,0.0000351346001866315
Healthy,At risk,Obese,50-54,NonHispanic Asian,Female,5,103804,0.0003295483905099030
Healthy,At risk,Obese,50-54,Other Race Including Multi Racial,Male,3,107718,0.0003419742353757630
Healthy,At risk,Obese,50-54,Other Race Including Multi Racial,Female,1,44522,0.0001413447790285720
Healthy,At risk,Obese,55-59,Mexican American,Male,8,193868,0.0006154761605658150
Healthy,At risk,Obese,55-59,Mexican American,Female,9,163134,0.0005179043884382350
Healthy,At risk,Obese,55-59,Other Hispanic,Male,2,41576,0.0001319920608438950
Healthy,At risk,Obese,55-59,Other Hispanic,Female,5,98976,0.0003142208537157350
Healthy,At risk,Obese,55-59,NonHispanic White,Male,18,1725292,0.0054773149566453300
Healthy,At risk,Obese,55-59,NonHispanic White,Female,20,2341345,0.0074331092865246900
Healthy,At risk,Obese,55-59,NonHispanic Black,Male,3,71975,0.0002285003025601160
Healthy,At risk,Obese,55-59,NonHispanic Black,Female,10,276103,0.0008765490661723610
Healthy,At risk,Obese,55-59,NonHispanic Asian,Male,2,31964,0.0001014766748319770
Healthy,At risk,Obese,55-59,NonHispanic Asian,Female,2,38129,0.0001210488091186480
Healthy,At risk,Obese,55-59,Other Race Including Multi Racial,Male,2,64751,0.0002055661422864890
Healthy,At risk,Obese,60-64,Mexican American,Male,10,87482,0.0002777306490943250
Healthy,At risk,Obese,60-64,Mexican American,Female,9,94980,0.0003015346820029150
Healthy,At risk,Obese,60-64,Other Hispanic,Male,10,85197,0.0002704764192735560
Healthy,At risk,Obese,60-64,Other Hispanic,Female,14,109286,0.0003469521926444570
Healthy,At risk,Obese,60-64,NonHispanic White,Male,19,2157189,0.0068484659837353800
Healthy,At risk,Obese,60-64,NonHispanic White,Female,12,1369475,0.0043476964480516100
Healthy,At risk,Obese,60-64,NonHispanic Black,Male,9,119058,0.0003779755334797120
Healthy,At risk,Obese,60-64,NonHispanic Black,Female,10,199342,0.0006328545649592030
Healthy,At risk,Obese,60-64,NonHispanic Asian,Male,1,23284,0.0000739201256659915
Healthy,At risk,Obese,60-64,NonHispanic Asian,Female,4,92203,0.0002927184911003870
Healthy,At risk,Obese,60-64,Other Race Including Multi Racial,Male,1,161025,0.0005112089089231350
Healthy,Not at risk,Obese,65-70,Mexican American,Male,9,86801,0.0002755686663775010
Healthy,Not at risk,Obese,65-70,Mexican American,Female,10,108817,0.0003454632500685530
Healthy,Not at risk,Obese,65-70,Other Hispanic,Male,8,68931,0.0002188364620461460
Healthy,Not at risk,Obese,65-70,Other Hispanic,Female,10,80275,0.0002548504590206780
Healthy,Not at risk,Obese,65-70,NonHispanic White,Male,27,2900910,0.0092095701660252300
Healthy,Not at risk,Obese,65-70,NonHispanic White,Female,20,2194562,0.0069671147063137600
Healthy,Not at risk,Obese,65-70,NonHispanic Black,Male,12,149828,0.0004756615954425430
Healthy,Not at risk,Obese,65-70,NonHispanic Black,Female,6,111870,0.0003551556630413360
Healthy,Not at risk,Obese,65-70,NonHispanic Asian,Female,1,25082,0.0000796282679932313
Healthy,Not at risk,Obese,65-70,Other Race Including Multi Racial,Male,1,15275,0.0000484938120403719
Healthy,Not at risk,Obese,65-70,Other Race Including Multi Racial,Female,2,160260,0.0005087802499240590
Healthy,Not at risk,Obese,Over 70,Mexican American,Male,8,86737,0.0002753654844481660
Healthy,Not at risk,Obese,Over 70,Mexican American,Female,10,122095,0.0003876171509701610
Healthy,Not at risk,Obese,Over 70,Other Hispanic,Male,5,48083,0.0001526499485654470
Healthy,Not at risk,Obese,Over 70,Other Hispanic,Female,6,63936,0.0002029787474051210
Healthy,Not at risk,Obese,Over 70,NonHispanic White,Male,64,2721498,0.0086399877237478300
Healthy,Not at risk,Obese,Over 70,NonHispanic White,Female,47,3077345,0.0097697014738709200
Healthy,Not at risk,Obese,Over 70,NonHispanic Black,Male,9,127076,0.0004034304195641440
Healthy,Not at risk,Obese,Over 70,NonHispanic Black,Female,13,248277,0.0007882093729589150
Healthy,Not at risk,Obese,Over 70,NonHispanic Asian,Female,2,46315,0.0001470370477675830
Healthy,Not at risk,Obese,Over 70,Other Race Including Multi Racial,Male,2,80881,0.0002567743379140640
Healthy,Not at risk,Obese,Over 70,Other Race Including Multi Racial,Female,2,42056,0.0001335159253139040
Healthy,Not at risk,Overwweight,Under 40,Mexican American,Male,88,1818211,0.0057723065455801400
Healthy,Not at risk,Overwweight,Under 40,Mexican American,Female,88,1611514,0.0051161019323357100
Healthy,Not at risk,Overwweight,Under 40,Other Hispanic,Male,53,1099982,0.0034921322655183200
Healthy,Not at risk,Overwweight,Under 40,Other Hispanic,Female,64,1306048,0.0041463336319282300
Healthy,Not at risk,Overwweight,Under 40,NonHispanic White,Male,150,9557645,0.0303428242342783000
Healthy,Not at risk,Overwweight,Under 40,NonHispanic White,Female,138,9557966,0.0303438433186426000
Healthy,Not at risk,Overwweight,Under 40,NonHispanic Black,Male,91,1906189,0.0060516118546268100
Healthy,Not at risk,Overwweight,Under 40,NonHispanic Black,Female,102,2036820,0.0064663283954219500
Healthy,Not at risk,Overwweight,Under 40,NonHispanic Asian,Male,81,1391236,0.0044167814787429700
Healthy,Not at risk,Overwweight,Under 40,NonHispanic Asian,Female,47,928119,0.0029465157667494600
Healthy,Not at risk,Overwweight,Under 40,Other Race Including Multi Racial,Male,30,687760,0.0021834438081103900
Healthy,Not at risk,Overwweight,Under 40,Other Race Including Multi Racial,Female,24,571096,0.0018130685486748400
Healthy,Not at risk,Overwweight,40-44,Mexican American,Male,4,116662,0.0003703689100002530
Healthy,Not at risk,Overwweight,40-44,Mexican American,Female,8,203113,0.0006448264252017060
Healthy,Not at risk,Overwweight,40-44,Other Hispanic,Female,8,184571,0.0005859608106123390
Healthy,Not at risk,Overwweight,40-44,NonHispanic White,Male,8,761706,0.0024182014791504800
Healthy,Not at risk,Overwweight,40-44,NonHispanic White,Female,12,1401867,0.0044505319020360100
Healthy,Not at risk,Overwweight,40-44,NonHispanic Black,Male,4,105873,0.0003361168813191680
Healthy,Not at risk,Overwweight,40-44,NonHispanic Black,Female,5,121061,0.0003843344929243510
Healthy,Not at risk,Overwweight,40-44,NonHispanic Asian,Male,6,93380,0.0002964551337695540
Healthy,Not at risk,Overwweight,40-44,NonHispanic Asian,Female,17,387216,0.0012293014679557900
Healthy,Not at risk,Overwweight,40-44,Other Race Including Multi Racial,Male,2,42697,0.0001355509193248940
Healthy,Not at risk,Overwweight,40-44,Other Race Including Multi Racial,Female,2,98870,0.0003138843336452750
Healthy,Not at risk,Overwweight,45-49,Mexican American,Male,2,86299,0.0002739749581192840
Healthy,Not at risk,Overwweight,45-49,Mexican American,Female,2,35025,0.0001111944855459260
Healthy,Not at risk,Overwweight,45-49,Other Hispanic,Male,3,101029,0.0003207385490426670
Healthy,Not at risk,Overwweight,45-49,Other Hispanic,Female,2,29716,0.0000943399095641042
Healthy,Not at risk,Overwweight,45-49,NonHispanic White,Male,7,670709,0.0021293116975309900
Healthy,Not at risk,Overwweight,45-49,NonHispanic White,Female,15,1699364,0.0053950008775237000
Healthy,Not at risk,Overwweight,45-49,NonHispanic Black,Male,5,105054,0.0003335167875672160
Healthy,Not at risk,Overwweight,45-49,NonHispanic Black,Female,9,211840,0.0006725321860970470
Healthy,Not at risk,Overwweight,45-49,NonHispanic Asian,Male,10,188052,0.0005970120027375460
Healthy,Not at risk,Overwweight,45-49,NonHispanic Asian,Female,12,277005,0.0008794126614889180
Healthy,Not at risk,Overwweight,45-49,Other Race Including Multi Racial,Male,3,130909,0.0004155991123006910
Healthy,Not at risk,Overwweight,45-49,Other Race Including Multi Racial,Female,2,186805,0.0005930531298331700
Healthy,Not at risk,Overwweight,50-54,Mexican American,Male,2,39276,0.0001246902102584380
Healthy,Not at risk,Overwweight,50-54,Other Hispanic,Male,3,75475,0.0002396118143205940
Healthy,Not at risk,Overwweight,50-54,Other Hispanic,Female,6,126847,0.0004027034092232440
Healthy,Not at risk,Overwweight,50-54,NonHispanic White,Male,10,991763,0.0031485674966019900
Healthy,Not at risk,Overwweight,50-54,NonHispanic White,Female,9,1176738,0.0037358108931432500
Healthy,Not at risk,Overwweight,50-54,NonHispanic Black,Male,3,62402,0.0001981087305363850
Healthy,Not at risk,Overwweight,50-54,NonHispanic Black,Female,3,72089,0.0002288622203717430
Healthy,Not at risk,Overwweight,50-54,NonHispanic Asian,Male,11,188662,0.0005989485805015150
Healthy,Not at risk,Overwweight,50-54,NonHispanic Asian,Female,13,259735,0.0008245852877450740
Healthy,Not at risk,Overwweight,50-54,Other Race Including Multi Racial,Male,1,10603,0.0000336615311989567
Healthy,Not at risk,Overwweight,55-59,Mexican American,Female,2,45552,0.0001446147382037980
Healthy,Not at risk,Overwweight,55-59,Other Hispanic,Male,2,42397,0.0001345985040311390
Healthy,Not at risk,Overwweight,55-59,Other Hispanic,Female,2,30778,0.0000977114597039978
Healthy,Not at risk,Overwweight,55-59,NonHispanic White,Male,10,1228598,0.0039004517502570800
Healthy,Not at risk,Overwweight,55-59,NonHispanic White,Female,9,913758,0.0029009236466373900
Healthy,Not at risk,Overwweight,55-59,NonHispanic Black,Male,3,79360,0.0002519455923747240
Healthy,Not at risk,Overwweight,55-59,NonHispanic Black,Female,4,112409,0.0003568668358524500
Healthy,Not at risk,Overwweight,55-59,NonHispanic Asian,Male,7,115928,0.0003680386672481990
Healthy,Not at risk,Overwweight,55-59,NonHispanic Asian,Female,2,42545,0.0001350683622427250
Healthy,Not at risk,Overwweight,55-59,Other Race Including Multi Racial,Male,2,36436,0.0001156740121442220
Healthy,Not at risk,Overwweight,55-59,Other Race Including Multi Racial,Female,2,157318,0.0004994402306099660
Healthy,Not at risk,Overwweight,60-64,Mexican American,Male,5,42480,0.0001348620055957450
Healthy,Not at risk,Overwweight,60-64,Mexican American,Female,1,8076,0.0000256390197078916
Healthy,Not at risk,Overwweight,60-64,Other Hispanic,Male,2,16675,0.0000529384167445631
Healthy,Not at risk,Overwweight,60-64,Other Hispanic,Female,4,33249,0.0001055561870068950
Healthy,Not at risk,Overwweight,60-64,NonHispanic White,Male,8,592316,0.0018804360571198000
Healthy,Not at risk,Overwweight,60-64,NonHispanic White,Female,8,926103,0.0029401155359754200
Healthy,Not at risk,Overwweight,60-64,NonHispanic Black,Male,7,87915,0.0002791053018349790
Healthy,Not at risk,Overwweight,60-64,NonHispanic Black,Female,4,89165,0.0002830736988922920
Healthy,Not at risk,Overwweight,60-64,NonHispanic Asian,Male,1,25411,0.0000806727500987163
Healthy,Not at risk,Overwweight,60-64,NonHispanic Asian,Female,3,71703,0.0002276367793604440
Healthy,Not at risk,Overwweight,65-70,Mexican American,Male,3,30344,0.0000963336322456986
Healthy,Not at risk,Overwweight,65-70,Mexican American,Female,2,19953,0.0000633451411876623
Healthy,Not at risk,Overwweight,65-70,Other Hispanic,Female,2,17998,0.0000571385681900238
Healthy,Not at risk,Overwweight,65-70,NonHispanic White,Male,4,517373,0.0016425131925868000
Healthy,Not at risk,Overwweight,65-70,NonHispanic White,Female,10,992436,0.0031507040815776500
Healthy,Not at risk,Overwweight,65-70,NonHispanic Black,Male,1,10620,0.0000337155013989362
Healthy,Not at risk,Overwweight,65-70,NonHispanic Black,Female,3,75011,0.0002381387453329190
Healthy,Not at risk,Overwweight,65-70,NonHispanic Asian,Male,3,53663,0.0001703648730292950
Healthy,Not at risk,Overwweight,65-70,NonHispanic Asian,Female,2,43442,0.0001379160839710530
Healthy,Not at risk,Overwweight,65-70,Other Race Including Multi Racial,Male,2,79637,0.0002528249891626250
Healthy,Not at risk,Overwweight,Over 70,Mexican American,Male,2,23356,0.0000741487053364927
Healthy,Not at risk,Overwweight,Over 70,Other Hispanic,Male,2,17795,0.0000564941005079161
Healthy,Not at risk,Overwweight,Over 70,Other Hispanic,Female,4,52849,0.0001677806528655720
Healthy,Not at risk,Overwweight,Over 70,NonHispanic White,Male,16,479476,0.0015222009179619900
Healthy,Not at risk,Overwweight,Over 70,NonHispanic White,Female,23,1604587,0.0050941106632029000
Healthy,Not at risk,Overwweight,Over 70,NonHispanic Black,Male,5,78168,0.0002481613289408700
Healthy,Not at risk,Overwweight,Over 70,NonHispanic Black,Female,1,20542,0.0000652150498810684
Healthy,Not at risk,Overwweight,Over 70,NonHispanic Asian,Male,1,19360,0.0000614625336236727
Healthy,Not at risk,Overwweight,Over 70,NonHispanic Asian,Female,3,58219,0.0001848288866237910
Healthy,Not at risk,Overwweight,Over 70,Other Race Including Multi Racial,Male,4,141413,0.0004489463464527080
Healthy,Not at risk,Healthy,Under 40,Mexican American,Male,265,3883949,0.0123304414258848000
Healthy,Not at risk,Healthy,Under 40,Mexican American,Female,328,4231310,0.0134332145220652000
Healthy,Not at risk,Healthy,Under 40,Other Hispanic,Male,175,2567961,0.0081525511005568300
Healthy,Not at risk,Healthy,Under 40,Other Hispanic,Female,189,2609672,0.0082849717482829100
Healthy,Not at risk,Healthy,Under 40,NonHispanic White,Male,499,17231880,0.0547063535071846000
Healthy,Not at risk,Healthy,Under 40,NonHispanic White,Female,435,16707941,0.0530429951185351000
Healthy,Not at risk,Healthy,Under 40,NonHispanic Black,Male,318,4155772,0.0131934027005329000
Healthy,Not at risk,Healthy,Under 40,NonHispanic Black,Female,327,3818287,0.0121219831158230000
Healthy,Not at risk,Healthy,Under 40,NonHispanic Asian,Male,155,1874108,0.0059497637378302700
Healthy,Not at risk,Healthy,Under 40,NonHispanic Asian,Female,150,2268123,0.0072006501110602000
Healthy,Not at risk,Healthy,Under 40,Other Race Including Multi Racial,Male,103,1526339,0.0048456953568503600
Healthy,Not at risk,Healthy,Under 40,Other Race Including Multi Racial,Female,112,1747488,0.0055477809895126300
Healthy,Not at risk,Healthy,40-44,Mexican American,Male,1,38773,0.0001230933272825750
Healthy,Not at risk,Healthy,40-44,Other Hispanic,Female,2,35533,0.0001128072421100190
Healthy,Not at risk,Healthy,40-44,NonHispanic White,Male,1,151384,0.0004806014560994870
Healthy,Not at risk,Healthy,40-44,NonHispanic White,Female,4,386678,0.0012275934698623200
Healthy,Not at risk,Healthy,40-44,NonHispanic Black,Female,2,34716,0.0001102134977933590
Healthy,Not at risk,Healthy,40-44,NonHispanic Asian,Male,1,11003,0.0000349314182572970
Healthy,Not at risk,Healthy,40-44,NonHispanic Asian,Female,11,236480,0.0007507572288908120
Healthy,Not at risk,Healthy,45-49,Mexican American,Male,1,24610,0.0000781298012643897
Healthy,Not at risk,Healthy,45-49,NonHispanic White,Male,2,298259,0.0009468881103338320
Healthy,Not at risk,Healthy,45-49,NonHispanic White,Female,4,284036,0.0009017341012568960
Healthy,Not at risk,Healthy,45-49,NonHispanic Black,Female,2,37108,0.0001178074224022340
Healthy,Not at risk,Healthy,45-49,NonHispanic Asian,Male,3,45563,0.0001446496600979030
Healthy,Not at risk,Healthy,45-49,NonHispanic Asian,Female,1,17777,0.0000564369555902908
Healthy,Not at risk,Healthy,50-54,Mexican American,Female,1,20722,0.0000657864990573216
Healthy,Not at risk,Healthy,50-54,Other Hispanic,Male,2,51926,0.0001648503884784520
Healthy,Not at risk,Healthy,50-54,Other Hispanic,Female,1,12241,0.0000388617187028604
Healthy,Not at risk,Healthy,50-54,NonHispanic White,Male,1,30643,0.0000972828728218080
Healthy,Not at risk,Healthy,50-54,NonHispanic White,Female,1,32571,0.0001034037284430080
Healthy,Not at risk,Healthy,50-54,NonHispanic Black,Male,1,45492,0.0001444242551450470
Healthy,Not at risk,Healthy,50-54,NonHispanic Asian,Male,1,13203,0.0000419157970781689
Healthy,Not at risk,Healthy,50-54,NonHispanic Asian,Female,2,47775,0.0001516721355305250
Healthy,Not at risk,Healthy,55-59,Mexican American,Female,1,35138,0.0001115532286399080
Healthy,Not at risk,Healthy,55-59,Other Hispanic,Female,1,16968,0.0000538686090147974
Healthy,Not at risk,Healthy,55-59,NonHispanic White,Male,5,566674,0.0017990299472448900
Healthy,Not at risk,Healthy,55-59,NonHispanic White,Female,3,215511,0.0006841865745749650
Healthy,Not at risk,Healthy,55-59,NonHispanic Black,Female,2,51744,0.0001642725898669070
Healthy,Not at risk,Healthy,55-59,NonHispanic Asian,Female,1,27089,0.0000859999263084540
Healthy,Not at risk,Healthy,60-64,Mexican American,Male,1,9803,0.0000311217570822760
Healthy,Not at risk,Healthy,60-64,Mexican American,Female,1,8844,0.0000280772028599050
Healthy,Not at risk,Healthy,60-64,Other Hispanic,Male,3,27857,0.0000884381094604675
Healthy,Not at risk,Healthy,60-64,Other Hispanic,Female,1,9167,0.0000291026366595149
Healthy,Not at risk,Healthy,60-64,NonHispanic White,Male,2,195927,0.0006220129041986220
Healthy,Not at risk,Healthy,60-64,NonHispanic White,Female,4,562191,0.0017847976880385400
Healthy,Not at risk,Healthy,60-64,NonHispanic Black,Male,4,55045,0.0001747523328158610
Healthy,Not at risk,Healthy,60-64,NonHispanic Black,Female,1,24183,0.0000767741968296114
Healthy,Not at risk,Healthy,60-64,NonHispanic Asian,Male,1,21693,0.0000688691498914428
Healthy,Not at risk,Healthy,60-64,NonHispanic Asian,Female,6,130241,0.0004134784009132620
Healthy,Not at risk,Healthy,65-70,NonHispanic White,Male,2,49076,0.0001558024431877770
Healthy,Not at risk,Healthy,65-70,NonHispanic White,Female,2,254603,0.0008082926367865670
Healthy,Not at risk,Healthy,65-70,NonHispanic Black,Male,1,17337,0.0000550400798261164
Healthy,Not at risk,Healthy,65-70,NonHispanic Black,Female,1,18673,0.0000592815026009731
Healthy,Not at risk,Healthy,65-70,NonHispanic Asian,Female,2,37355,0.0001185915776607590
Healthy,Not at risk,Healthy,65-70,Other Race Including Multi Racial,Male,1,12494,0.0000396649222672607
Healthy,Not at risk,Healthy,Over 70,Mexican American,Male,2,19808,0.0000628848071290139
Healthy,Not at risk,Healthy,Over 70,Mexican American,Female,1,11641,0.0000369568881153499
Healthy,Not at risk,Healthy,Over 70,Other Hispanic,Male,1,8949,0.0000284105482127194
Healthy,Not at risk,Healthy,Over 70,Other Hispanic,Female,2,22850,0.0000725422982076922
Healthy,Not at risk,Healthy,Over 70,NonHispanic White,Male,6,159173,0.0005053293318430190
Healthy,Not at risk,Healthy,Over 70,NonHispanic White,Female,13,791342,0.0025122874113029100
Healthy,Not at risk,Healthy,Over 70,NonHispanic Black,Male,5,68902,0.0002187443952344160
Healthy,Not at risk,Healthy,Over 70,NonHispanic Black,Female,3,50699,0.0001609550099269930
Healthy,Not at risk,Healthy,Over 70,NonHispanic Asian,Male,1,25066,0.0000795774725108977
Healthy,Not at risk,Healthy,Over 70,NonHispanic Asian,Female,2,49547,0.0001572977351989730
Healthy,Not at risk,Healthy,Over 70,Other Race Including Multi Racial,Male,1,98481,0.0003126493684810390
